instant,dteday,season,yr,mnth,holiday,weekday,workingday,weathersit,temp,atemp,hum,windspeed,casual,registered,cnt,season_name
1.0,2011-01-01,1.0,0.0,1.0,0.0,6.0,0.0,2.0,0.344167,0.363625,0.805833,0.160446,331.0,654.0,985.0,Spring
2.0,2011-01-02,1.0,0.0,1.0,0.0,0.0,0.0,2.0,0.363478,0.353739,0.696087,0.248539,131.0,670.0,801.0,Spring
3.0,2011-01-03,1.0,0.0,1.0,0.0,1.0,1.0,1.0,0.196364,0.189405,0.437273,0.248309,120.0,1229.0,1349.0,Spring
4.0,2011-01-04,1.0,0.0,1.0,0.0,2.0,1.0,1.0,0.2,0.212122,0.590435,0.160296,108.0,1454.0,1562.0,Spring
5.0,2011-01-05,1.0,0.0,1.0,0.0,3.0,1.0,1.0,0.226957,0.22927,0.436957,0.1869,82.0,1518.0,1600.0,Spring
6.0,2011-01-06,1.0,0.0,1.0,0.0,4.0,1.0,1.0,0.204348,0.233209,0.518261,0.0895652,88.0,1518.0,1606.0,Spring
7.0,2011-01-07,1.0,0.0,1.0,0.0,5.0,1.0,2.0,0.196522,0.208839,0.498696,0.168726,148.0,1362.0,1510.0,Spring
8.0,2011-01-08,1.0,0.0,1.0,0.0,6.0,0.0,2.0,0.165,0.162254,0.535833,0.266804,68.0,891.0,959.0,Spring
9.0,2011-01-09,1.0,0.0,1.0,0.0,0.0,0.0,1.0,0.138333,0.116175,0.434167,0.36195,54.0,768.0,822.0,Spring
10.0,2011-01-10,1.0,0.0,1.0,0.0,1.0,1.0,1.0,0.150833,0.150888,0.482917,0.223267,41.0,1280.0,1321.0,Spring
11.0,2011-01-11,1.0,0.0,1.0,0.0,2.0,1.0,2.0,0.169091,0.191464,0.686364,0.122132,43.0,1220.0,1263.0,Spring
12.0,2011-01-12,1.0,0.0,1.0,0.0,3.0,1.0,1.0,0.172727,0.160473,0.599545,0.304627,25.0,1137.0,1162.0,Spring
13.0,2011-01-13,1.0,0.0,1.0,0.0,4.0,1.0,1.0,0.165,0.150883,0.470417,0.301,38.0,1368.0,1406.0,Spring
14.0,2011-01-14,1.0,0.0,1.0,0.0,5.0,1.0,1.0,0.16087,0.188413,0.537826,0.126548,54.0,1367.0,1421.0,Spring
15.0,2011-01-15,1.0,0.0,1.0,0.0,6.0,0.0,2.0,0.233333,0.248112,0.49875,0.157963,222.0,1026.0,1248.0,Spring
16.0,2011-01-16,1.0,0.0,1.0,0.0,0.0,0.0,1.0,0.231667,0.234217,0.48375,0.188433,251.0,953.0,1204.0,Spring
17.0,2011-01-17,1.0,0.0,1.0,0.0,1.0,0.0,2.0,0.175833,0.176771,0.5375,0.194017,117.0,883.0,1000.0,Spring
18.0,2011-01-18,1.0,0.0,1.0,0.0,2.0,1.0,2.0,0.216667,0.232333,0.861667,0.146775,9.0,674.0,683.0,Spring
19.0,2011-01-19,1.0,0.0,1.0,0.0,3.0,1.0,2.0,0.292174,0.298422,0.741739,0.208317,78.0,1572.0,1650.0,Spring
20.0,2011-01-20,1.0,0.0,1.0,0.0,4.0,1.0,2.0,0.261667,0.25505,0.538333,0.195904,83.0,1844.0,1927.0,Spring
21.0,2011-01-21,1.0,0.0,1.0,0.0,5.0,1.0,1.0,0.1775,0.157833,0.457083,0.353242,75.0,1468.0,1543.0,Spring
22.0,2011-01-22,1.0,0.0,1.0,0.0,6.0,0.0,1.0,0.0591304,0.0790696,0.4,0.17197,93.0,888.0,981.0,Spring
23.0,2011-01-23,1.0,0.0,1.0,0.0,0.0,0.0,1.0,0.0965217,0.0988391,0.436522,0.2466,150.0,836.0,986.0,Spring
24.0,2011-01-24,1.0,0.0,1.0,0.0,1.0,1.0,1.0,0.0973913,0.11793,0.491739,0.15833,86.0,1330.0,1416.0,Spring
25.0,2011-01-25,1.0,0.0,1.0,0.0,2.0,1.0,2.0,0.223478,0.234526,0.616957,0.129796,186.0,1799.0,1985.0,Spring
26.0,2011-01-26,1.0,0.0,1.0,0.0,3.0,1.0,3.0,0.2175,0.2036,0.8625,0.29385,34.0,472.0,506.0,Spring
27.0,2011-01-27,1.0,0.0,1.0,0.0,4.0,1.0,1.0,0.195,0.2197,0.6875,0.113837,15.0,416.0,431.0,Spring
28.0,2011-01-28,1.0,0.0,1.0,0.0,5.0,1.0,2.0,0.203478,0.223317,0.793043,0.1233,38.0,1129.0,1167.0,Spring
29.0,2011-01-29,1.0,0.0,1.0,0.0,6.0,0.0,1.0,0.196522,0.212126,0.651739,0.145365,123.0,975.0,1098.0,Spring
30.0,2011-01-30,1.0,0.0,1.0,0.0,0.0,0.0,1.0,0.216522,0.250322,0.722174,0.0739826,140.0,956.0,1096.0,Spring
31.0,2011-01-31,1.0,0.0,1.0,0.0,1.0,1.0,2.0,0.180833,0.18625,0.60375,0.187192,42.0,1459.0,1501.0,Spring
32.0,2011-02-01,1.0,0.0,2.0,0.0,2.0,1.0,2.0,0.192174,0.23453,0.829565,0.053213,47.0,1313.0,1360.0,Spring
33.0,2011-02-02,1.0,0.0,2.0,0.0,3.0,1.0,2.0,0.26,0.254417,0.775417,0.264308,72.0,1454.0,1526.0,Spring
34.0,2011-02-03,1.0,0.0,2.0,0.0,4.0,1.0,1.0,0.186957,0.177878,0.437826,0.277752,61.0,1489.0,1550.0,Spring
35.0,2011-02-04,1.0,0.0,2.0,0.0,5.0,1.0,2.0,0.211304,0.228587,0.585217,0.127839,88.0,1620.0,1708.0,Spring
36.0,2011-02-05,1.0,0.0,2.0,0.0,6.0,0.0,2.0,0.233333,0.243058,0.929167,0.161079,100.0,905.0,1005.0,Spring
37.0,2011-02-06,1.0,0.0,2.0,0.0,0.0,0.0,1.0,0.285833,0.291671,0.568333,0.1418,354.0,1269.0,1623.0,Spring
38.0,2011-02-07,1.0,0.0,2.0,0.0,1.0,1.0,1.0,0.271667,0.303658,0.738333,0.0454083,120.0,1592.0,1712.0,Spring
39.0,2011-02-08,1.0,0.0,2.0,0.0,2.0,1.0,1.0,0.220833,0.198246,0.537917,0.36195,64.0,1466.0,1530.0,Spring
40.0,2011-02-09,1.0,0.0,2.0,0.0,3.0,1.0,2.0,0.134783,0.144283,0.494783,0.188839,53.0,1552.0,1605.0,Spring
41.0,2011-02-10,1.0,0.0,2.0,0.0,4.0,1.0,1.0,0.144348,0.149548,0.437391,0.221935,47.0,1491.0,1538.0,Spring
42.0,2011-02-11,1.0,0.0,2.0,0.0,5.0,1.0,1.0,0.189091,0.213509,0.506364,0.10855,149.0,1597.0,1746.0,Spring
43.0,2011-02-12,1.0,0.0,2.0,0.0,6.0,0.0,1.0,0.2225,0.232954,0.544167,0.203367,288.0,1184.0,1472.0,Spring
44.0,2011-02-13,1.0,0.0,2.0,0.0,0.0,0.0,1.0,0.316522,0.324113,0.457391,0.260883,397.0,1192.0,1589.0,Spring
45.0,2011-02-14,1.0,0.0,2.0,0.0,1.0,1.0,1.0,0.415,0.39835,0.375833,0.38061125,208.0,1705.0,1913.0,Spring
46.0,2011-02-15,1.0,0.0,2.0,0.0,2.0,1.0,1.0,0.266087,0.254274,0.314348,0.291374,140.0,1675.0,1815.0,Spring
47.0,2011-02-16,1.0,0.0,2.0,0.0,3.0,1.0,1.0,0.318261,0.3162,0.423478,0.251791,218.0,1897.0,2115.0,Spring
48.0,2011-02-17,1.0,0.0,2.0,0.0,4.0,1.0,1.0,0.435833,0.428658,0.505,0.230104,259.0,2216.0,2475.0,Spring
49.0,2011-02-18,1.0,0.0,2.0,0.0,5.0,1.0,1.0,0.521667,0.511983,0.516667,0.264925,579.0,2348.0,2927.0,Spring
50.0,2011-02-19,1.0,0.0,2.0,0.0,6.0,0.0,1.0,0.399167,0.391404,0.20468725,0.38061125,532.0,1103.0,1635.0,Spring
51.0,2011-02-20,1.0,0.0,2.0,0.0,0.0,0.0,1.0,0.285217,0.27733,0.407826,0.223235,639.0,1173.0,1812.0,Spring
52.0,2011-02-21,1.0,0.0,2.0,0.0,1.0,0.0,2.0,0.303333,0.284075,0.605,0.307846,195.0,912.0,1107.0,Spring
53.0,2011-02-22,1.0,0.0,2.0,0.0,2.0,1.0,1.0,0.182222,0.186033,0.577778,0.195683,74.0,1376.0,1450.0,Spring
54.0,2011-02-23,1.0,0.0,2.0,0.0,3.0,1.0,1.0,0.221739,0.245717,0.423043,0.094113,139.0,1778.0,1917.0,Spring
55.0,2011-02-24,1.0,0.0,2.0,0.0,4.0,1.0,2.0,0.295652,0.289191,0.697391,0.250496,100.0,1707.0,1807.0,Spring
56.0,2011-02-25,1.0,0.0,2.0,0.0,5.0,1.0,2.0,0.364348,0.350461,0.712174,0.346539,120.0,1341.0,1461.0,Spring
57.0,2011-02-26,1.0,0.0,2.0,0.0,6.0,0.0,1.0,0.2825,0.282192,0.537917,0.186571,424.0,1545.0,1969.0,Spring
58.0,2011-02-27,1.0,0.0,2.0,0.0,0.0,0.0,1.0,0.343478,0.351109,0.68,0.125248,694.0,1708.0,2402.0,Spring
59.0,2011-02-28,1.0,0.0,2.0,0.0,1.0,1.0,2.0,0.407273,0.400118,0.876364,0.289686,81.0,1365.0,1446.0,Spring
60.0,2011-03-01,1.0,0.0,3.0,0.0,2.0,1.0,1.0,0.266667,0.263879,0.535,0.216425,137.0,1714.0,1851.0,Spring
61.0,2011-03-02,1.0,0.0,3.0,0.0,3.0,1.0,1.0,0.335,0.320071,0.449583,0.307833,231.0,1903.0,2134.0,Spring
62.0,2011-03-03,1.0,0.0,3.0,0.0,4.0,1.0,1.0,0.198333,0.200133,0.318333,0.225754,123.0,1562.0,1685.0,Spring
63.0,2011-03-04,1.0,0.0,3.0,0.0,5.0,1.0,2.0,0.261667,0.255679,0.610417,0.203346,214.0,1730.0,1944.0,Spring
64.0,2011-03-05,1.0,0.0,3.0,0.0,6.0,0.0,2.0,0.384167,0.378779,0.789167,0.251871,640.0,1437.0,2077.0,Spring
65.0,2011-03-06,1.0,0.0,3.0,0.0,0.0,0.0,2.0,0.376522,0.366252,0.948261,0.343287,114.0,491.0,605.0,Spring
66.0,2011-03-07,1.0,0.0,3.0,0.0,1.0,1.0,1.0,0.261739,0.238461,0.551304,0.341352,244.0,1628.0,1872.0,Spring
67.0,2011-03-08,1.0,0.0,3.0,0.0,2.0,1.0,1.0,0.2925,0.3024,0.420833,0.12065,316.0,1817.0,2133.0,Spring
68.0,2011-03-09,1.0,0.0,3.0,0.0,3.0,1.0,2.0,0.295833,0.286608,0.775417,0.22015,191.0,1700.0,1891.0,Spring
69.0,2011-03-10,1.0,0.0,3.0,0.0,4.0,1.0,3.0,0.389091,0.385668,0.20468725,0.261877,46.0,577.0,623.0,Spring
70.0,2011-03-11,1.0,0.0,3.0,0.0,5.0,1.0,2.0,0.316522,0.305,0.649565,0.23297,247.0,1730.0,1977.0,Spring
71.0,2011-03-12,1.0,0.0,3.0,0.0,6.0,0.0,1.0,0.329167,0.32575,0.594583,0.220775,724.0,1408.0,2132.0,Spring
72.0,2011-03-13,1.0,0.0,3.0,0.0,0.0,0.0,1.0,0.384348,0.380091,0.527391,0.270604,982.0,1435.0,2417.0,Spring
73.0,2011-03-14,1.0,0.0,3.0,0.0,1.0,1.0,1.0,0.325217,0.332,0.496957,0.136926,359.0,1687.0,2046.0,Spring
74.0,2011-03-15,1.0,0.0,3.0,0.0,2.0,1.0,2.0,0.317391,0.318178,0.655652,0.184309,289.0,1767.0,2056.0,Spring
75.0,2011-03-16,1.0,0.0,3.0,0.0,3.0,1.0,2.0,0.365217,0.36693,0.776522,0.203117,321.0,1871.0,2192.0,Spring
76.0,2011-03-17,1.0,0.0,3.0,0.0,4.0,1.0,1.0,0.415,0.410333,0.602917,0.209579,424.0,2320.0,2744.0,Spring
77.0,2011-03-18,1.0,0.0,3.0,0.0,5.0,1.0,1.0,0.54,0.527009,0.525217,0.231017,884.0,2355.0,3239.0,Spring
78.0,2011-03-19,1.0,0.0,3.0,0.0,6.0,0.0,1.0,0.4725,0.466525,0.379167,0.368167,1424.0,1693.0,3117.0,Spring
79.0,2011-03-20,1.0,0.0,3.0,0.0,0.0,0.0,1.0,0.3325,0.32575,0.47375,0.207721,1047.0,1424.0,2471.0,Spring
80.0,2011-03-21,2.0,0.0,3.0,0.0,1.0,1.0,2.0,0.430435,0.409735,0.737391,0.288783,401.0,1676.0,2077.0,Summer
81.0,2011-03-22,2.0,0.0,3.0,0.0,2.0,1.0,1.0,0.441667,0.440642,0.624583,0.22575,460.0,2243.0,2703.0,Summer
82.0,2011-03-23,2.0,0.0,3.0,0.0,3.0,1.0,2.0,0.346957,0.337939,0.839565,0.234261,203.0,1918.0,2121.0,Summer
83.0,2011-03-24,2.0,0.0,3.0,0.0,4.0,1.0,2.0,0.285,0.270833,0.805833,0.243787,166.0,1699.0,1865.0,Summer
84.0,2011-03-25,2.0,0.0,3.0,0.0,5.0,1.0,1.0,0.264167,0.256312,0.495,0.230725,300.0,1910.0,2210.0,Summer
85.0,2011-03-26,2.0,0.0,3.0,0.0,6.0,0.0,1.0,0.265833,0.257571,0.394167,0.209571,981.0,1515.0,2496.0,Summer
86.0,2011-03-27,2.0,0.0,3.0,0.0,0.0,0.0,2.0,0.253043,0.250339,0.493913,0.1843,472.0,1221.0,1693.0,Summer
87.0,2011-03-28,2.0,0.0,3.0,0.0,1.0,1.0,1.0,0.264348,0.257574,0.302174,0.212204,222.0,1806.0,2028.0,Summer
88.0,2011-03-29,2.0,0.0,3.0,0.0,2.0,1.0,1.0,0.3025,0.292908,0.314167,0.226996,317.0,2108.0,2425.0,Summer
89.0,2011-03-30,2.0,0.0,3.0,0.0,3.0,1.0,2.0,0.3,0.29735,0.646667,0.172888,168.0,1368.0,1536.0,Summer
90.0,2011-03-31,2.0,0.0,3.0,0.0,4.0,1.0,3.0,0.268333,0.257575,0.918333,0.217646,179.0,1506.0,1685.0,Summer
91.0,2011-04-01,2.0,0.0,4.0,0.0,5.0,1.0,2.0,0.3,0.283454,0.68625,0.258708,307.0,1920.0,2227.0,Summer
92.0,2011-04-02,2.0,0.0,4.0,0.0,6.0,0.0,2.0,0.315,0.315637,0.65375,0.197146,898.0,1354.0,2252.0,Summer
93.0,2011-04-03,2.0,0.0,4.0,0.0,0.0,0.0,1.0,0.378333,0.378767,0.48,0.182213,1651.0,1598.0,3249.0,Summer
94.0,2011-04-04,2.0,0.0,4.0,0.0,1.0,1.0,1.0,0.573333,0.542929,0.42625,0.38061125,734.0,2381.0,3115.0,Summer
95.0,2011-04-05,2.0,0.0,4.0,0.0,2.0,1.0,2.0,0.414167,0.39835,0.642083,0.38061125,167.0,1628.0,1795.0,Summer
96.0,2011-04-06,2.0,0.0,4.0,0.0,3.0,1.0,1.0,0.390833,0.387608,0.470833,0.263063,413.0,2395.0,2808.0,Summer
97.0,2011-04-07,2.0,0.0,4.0,0.0,4.0,1.0,1.0,0.4375,0.433696,0.602917,0.162312,571.0,2570.0,3141.0,Summer
98.0,2011-04-08,2.0,0.0,4.0,0.0,5.0,1.0,2.0,0.335833,0.324479,0.83625,0.226992,172.0,1299.0,1471.0,Summer
99.0,2011-04-09,2.0,0.0,4.0,0.0,6.0,0.0,2.0,0.3425,0.341529,0.8775,0.133083,879.0,1576.0,2455.0,Summer
100.0,2011-04-10,2.0,0.0,4.0,0.0,0.0,0.0,2.0,0.426667,0.426737,0.8575,0.146767,1188.0,1707.0,2895.0,Summer
101.0,2011-04-11,2.0,0.0,4.0,0.0,1.0,1.0,2.0,0.595652,0.565217,0.716956,0.324474,855.0,2493.0,3348.0,Summer
102.0,2011-04-12,2.0,0.0,4.0,0.0,2.0,1.0,2.0,0.5025,0.493054,0.739167,0.274879,257.0,1777.0,2034.0,Summer
103.0,2011-04-13,2.0,0.0,4.0,0.0,3.0,1.0,2.0,0.4125,0.417283,0.819167,0.250617,209.0,1953.0,2162.0,Summer
104.0,2011-04-14,2.0,0.0,4.0,0.0,4.0,1.0,1.0,0.4675,0.462742,0.540417,0.1107,529.0,2738.0,3267.0,Summer
105.0,2011-04-15,2.0,0.0,4.0,0.0,5.0,0.0,1.0,0.446667,0.441913,0.67125,0.226375,642.0,2484.0,3126.0,Summer
106.0,2011-04-16,2.0,0.0,4.0,0.0,6.0,0.0,3.0,0.430833,0.425492,0.888333,0.340808,121.0,674.0,795.0,Summer
107.0,2011-04-17,2.0,0.0,4.0,0.0,0.0,0.0,1.0,0.456667,0.445696,0.479583,0.303496,1558.0,2186.0,3744.0,Summer
108.0,2011-04-18,2.0,0.0,4.0,0.0,1.0,1.0,1.0,0.5125,0.503146,0.5425,0.163567,669.0,2760.0,3429.0,Summer
109.0,2011-04-19,2.0,0.0,4.0,0.0,2.0,1.0,2.0,0.505833,0.489258,0.665833,0.157971,409.0,2795.0,3204.0,Summer
110.0,2011-04-20,2.0,0.0,4.0,0.0,3.0,1.0,1.0,0.595,0.564392,0.614167,0.241925,613.0,3331.0,3944.0,Summer
111.0,2011-04-21,2.0,0.0,4.0,0.0,4.0,1.0,1.0,0.459167,0.453892,0.407083,0.325258,745.0,3444.0,4189.0,Summer
112.0,2011-04-22,2.0,0.0,4.0,0.0,5.0,1.0,2.0,0.336667,0.321954,0.729583,0.219521,177.0,1506.0,1683.0,Summer
113.0,2011-04-23,2.0,0.0,4.0,0.0,6.0,0.0,2.0,0.46,0.450121,0.887917,0.230725,1462.0,2574.0,4036.0,Summer
114.0,2011-04-24,2.0,0.0,4.0,0.0,0.0,0.0,2.0,0.581667,0.551763,0.810833,0.192175,1710.0,2481.0,4191.0,Summer
115.0,2011-04-25,2.0,0.0,4.0,0.0,1.0,1.0,1.0,0.606667,0.5745,0.776667,0.185333,773.0,3300.0,4073.0,Summer
116.0,2011-04-26,2.0,0.0,4.0,0.0,2.0,1.0,1.0,0.631667,0.594083,0.729167,0.3265,678.0,3722.0,4400.0,Summer
117.0,2011-04-27,2.0,0.0,4.0,0.0,3.0,1.0,2.0,0.62,0.575142,0.835417,0.3122,547.0,3325.0,3872.0,Summer
118.0,2011-04-28,2.0,0.0,4.0,0.0,4.0,1.0,2.0,0.6175,0.578929,0.700833,0.320908,569.0,3489.0,4058.0,Summer
119.0,2011-04-29,2.0,0.0,4.0,0.0,5.0,1.0,1.0,0.51,0.497463,0.457083,0.240063,878.0,3717.0,4595.0,Summer
120.0,2011-04-30,2.0,0.0,4.0,0.0,6.0,0.0,1.0,0.4725,0.464021,0.503333,0.235075,1965.0,3347.0,5312.0,Summer
121.0,2011-05-01,2.0,0.0,5.0,0.0,0.0,0.0,2.0,0.451667,0.448204,0.762083,0.106354,1138.0,2213.0,3351.0,Summer
122.0,2011-05-02,2.0,0.0,5.0,0.0,1.0,1.0,2.0,0.549167,0.532833,0.73,0.183454,847.0,3554.0,4401.0,Summer
123.0,2011-05-03,2.0,0.0,5.0,0.0,2.0,1.0,2.0,0.616667,0.582079,0.697083,0.342667,603.0,3848.0,4451.0,Summer
124.0,2011-05-04,2.0,0.0,5.0,0.0,3.0,1.0,2.0,0.414167,0.40465,0.737083,0.328996,255.0,2378.0,2633.0,Summer
125.0,2011-05-05,2.0,0.0,5.0,0.0,4.0,1.0,1.0,0.459167,0.441917,0.444167,0.295392,614.0,3819.0,4433.0,Summer
126.0,2011-05-06,2.0,0.0,5.0,0.0,5.0,1.0,1.0,0.479167,0.474117,0.59,0.228246,894.0,3714.0,4608.0,Summer
127.0,2011-05-07,2.0,0.0,5.0,0.0,6.0,0.0,1.0,0.52,0.512621,0.54125,0.16045,1612.0,3102.0,4714.0,Summer
128.0,2011-05-08,2.0,0.0,5.0,0.0,0.0,0.0,1.0,0.528333,0.518933,0.631667,0.0746375,1401.0,2932.0,4333.0,Summer
129.0,2011-05-09,2.0,0.0,5.0,0.0,1.0,1.0,1.0,0.5325,0.525246,0.58875,0.176,664.0,3698.0,4362.0,Summer
130.0,2011-05-10,2.0,0.0,5.0,0.0,2.0,1.0,1.0,0.5325,0.522721,0.489167,0.115671,694.0,4109.0,4803.0,Summer
131.0,2011-05-11,2.0,0.0,5.0,0.0,3.0,1.0,1.0,0.5425,0.5284,0.632917,0.120642,550.0,3632.0,4182.0,Summer
132.0,2011-05-12,2.0,0.0,5.0,0.0,4.0,1.0,1.0,0.535,0.523363,0.7475,0.189667,695.0,4169.0,4864.0,Summer
133.0,2011-05-13,2.0,0.0,5.0,0.0,5.0,1.0,2.0,0.5125,0.4943,0.863333,0.179725,692.0,3413.0,4105.0,Summer
134.0,2011-05-14,2.0,0.0,5.0,0.0,6.0,0.0,2.0,0.520833,0.500629,0.9225,0.13495,902.0,2507.0,3409.0,Summer
135.0,2011-05-15,2.0,0.0,5.0,0.0,0.0,0.0,2.0,0.5625,0.536,0.867083,0.152979,1582.0,2971.0,4553.0,Summer
136.0,2011-05-16,2.0,0.0,5.0,0.0,1.0,1.0,1.0,0.5775,0.550512,0.787917,0.126871,773.0,3185.0,3958.0,Summer
137.0,2011-05-17,2.0,0.0,5.0,0.0,2.0,1.0,2.0,0.561667,0.538529,0.837917,0.277354,678.0,3445.0,4123.0,Summer
138.0,2011-05-18,2.0,0.0,5.0,0.0,3.0,1.0,2.0,0.55,0.527158,0.87,0.201492,536.0,3319.0,3855.0,Summer
139.0,2011-05-19,2.0,0.0,5.0,0.0,4.0,1.0,2.0,0.530833,0.510742,0.829583,0.108213,735.0,3840.0,4575.0,Summer
140.0,2011-05-20,2.0,0.0,5.0,0.0,5.0,1.0,1.0,0.536667,0.529042,0.719583,0.125013,909.0,4008.0,4917.0,Summer
141.0,2011-05-21,2.0,0.0,5.0,0.0,6.0,0.0,1.0,0.6025,0.571975,0.626667,0.12065,2258.0,3547.0,5805.0,Summer
142.0,2011-05-22,2.0,0.0,5.0,0.0,0.0,0.0,1.0,0.604167,0.5745,0.749583,0.148008,1576.0,3084.0,4660.0,Summer
143.0,2011-05-23,2.0,0.0,5.0,0.0,1.0,1.0,2.0,0.631667,0.590296,0.81,0.233842,836.0,3438.0,4274.0,Summer
144.0,2011-05-24,2.0,0.0,5.0,0.0,2.0,1.0,2.0,0.66,0.604813,0.740833,0.207092,659.0,3833.0,4492.0,Summer
145.0,2011-05-25,2.0,0.0,5.0,0.0,3.0,1.0,1.0,0.660833,0.615542,0.69625,0.154233,740.0,4238.0,4978.0,Summer
146.0,2011-05-26,2.0,0.0,5.0,0.0,4.0,1.0,1.0,0.708333,0.654688,0.6775,0.199642,758.0,3919.0,4677.0,Summer
147.0,2011-05-27,2.0,0.0,5.0,0.0,5.0,1.0,1.0,0.681667,0.637008,0.65375,0.240679,871.0,3808.0,4679.0,Summer
148.0,2011-05-28,2.0,0.0,5.0,0.0,6.0,0.0,1.0,0.655833,0.612379,0.729583,0.230092,2001.0,2757.0,4758.0,Summer
149.0,2011-05-29,2.0,0.0,5.0,0.0,0.0,0.0,1.0,0.6675,0.61555,0.81875,0.213938,2266.75,2433.0,4788.0,Summer
150.0,2011-05-30,2.0,0.0,5.0,0.0,1.0,0.0,1.0,0.733333,0.671092,0.685,0.131225,1549.0,2549.0,4098.0,Summer
151.0,2011-05-31,2.0,0.0,5.0,0.0,2.0,1.0,1.0,0.775,0.725383,0.636667,0.111329,673.0,3309.0,3982.0,Summer
152.0,2011-06-01,2.0,0.0,6.0,0.0,3.0,1.0,2.0,0.764167,0.720967,0.677083,0.207092,513.0,3461.0,3974.0,Summer
153.0,2011-06-02,2.0,0.0,6.0,0.0,4.0,1.0,1.0,0.715,0.643942,0.305,0.292287,736.0,4232.0,4968.0,Summer
154.0,2011-06-03,2.0,0.0,6.0,0.0,5.0,1.0,1.0,0.62,0.587133,0.354167,0.253121,898.0,4414.0,5312.0,Summer
155.0,2011-06-04,2.0,0.0,6.0,0.0,6.0,0.0,1.0,0.635,0.594696,0.45625,0.123142,1869.0,3473.0,5342.0,Summer
156.0,2011-06-05,2.0,0.0,6.0,0.0,0.0,0.0,2.0,0.648333,0.616804,0.6525,0.138692,1685.0,3221.0,4906.0,Summer
157.0,2011-06-06,2.0,0.0,6.0,0.0,1.0,1.0,1.0,0.678333,0.621858,0.6,0.121896,673.0,3875.0,4548.0,Summer
158.0,2011-06-07,2.0,0.0,6.0,0.0,2.0,1.0,1.0,0.7075,0.65595,0.597917,0.187808,763.0,4070.0,4833.0,Summer
159.0,2011-06-08,2.0,0.0,6.0,0.0,3.0,1.0,1.0,0.775833,0.727279,0.622083,0.136817,676.0,3725.0,4401.0,Summer
160.0,2011-06-09,2.0,0.0,6.0,0.0,4.0,1.0,2.0,0.808333,0.757579,0.568333,0.149883,563.0,3352.0,3915.0,Summer
161.0,2011-06-10,2.0,0.0,6.0,0.0,5.0,1.0,1.0,0.755,0.703292,0.605,0.140554,815.0,3771.0,4586.0,Summer
162.0,2011-06-11,2.0,0.0,6.0,0.0,6.0,0.0,1.0,0.725,0.678038,0.654583,0.15485,1729.0,3237.0,4966.0,Summer
163.0,2011-06-12,2.0,0.0,6.0,0.0,0.0,0.0,1.0,0.6925,0.643325,0.747917,0.163567,1467.0,2993.0,4460.0,Summer
164.0,2011-06-13,2.0,0.0,6.0,0.0,1.0,1.0,1.0,0.635,0.601654,0.494583,0.30535,863.0,4157.0,5020.0,Summer
165.0,2011-06-14,2.0,0.0,6.0,0.0,2.0,1.0,1.0,0.604167,0.591546,0.507083,0.269283,727.0,4164.0,4891.0,Summer
166.0,2011-06-15,2.0,0.0,6.0,0.0,3.0,1.0,1.0,0.626667,0.587754,0.471667,0.167912,769.0,4411.0,5180.0,Summer
167.0,2011-06-16,2.0,0.0,6.0,0.0,4.0,1.0,2.0,0.628333,0.595346,0.688333,0.206471,545.0,3222.0,3767.0,Summer
168.0,2011-06-17,2.0,0.0,6.0,0.0,5.0,1.0,1.0,0.649167,0.600383,0.735833,0.143029,863.0,3981.0,4844.0,Summer
169.0,2011-06-18,2.0,0.0,6.0,0.0,6.0,0.0,1.0,0.696667,0.643954,0.670417,0.119408,1807.0,3312.0,5119.0,Summer
170.0,2011-06-19,2.0,0.0,6.0,0.0,0.0,0.0,2.0,0.699167,0.645846,0.666667,0.102,1639.0,3105.0,4744.0,Summer
171.0,2011-06-20,2.0,0.0,6.0,0.0,1.0,1.0,2.0,0.635,0.595346,0.74625,0.155475,699.0,3311.0,4010.0,Summer
172.0,2011-06-21,3.0,0.0,6.0,0.0,2.0,1.0,2.0,0.680833,0.637646,0.770417,0.171025,774.0,4061.0,4835.0,Fall
173.0,2011-06-22,3.0,0.0,6.0,0.0,3.0,1.0,1.0,0.733333,0.693829,0.7075,0.172262,661.0,3846.0,4507.0,Fall
174.0,2011-06-23,3.0,0.0,6.0,0.0,4.0,1.0,2.0,0.728333,0.693833,0.703333,0.238804,746.0,4044.0,4790.0,Fall
175.0,2011-06-24,3.0,0.0,6.0,0.0,5.0,1.0,1.0,0.724167,0.656583,0.573333,0.222025,969.0,4022.0,4991.0,Fall
176.0,2011-06-25,3.0,0.0,6.0,0.0,6.0,0.0,1.0,0.695,0.643313,0.483333,0.209571,1782.0,3420.0,5202.0,Fall
177.0,2011-06-26,3.0,0.0,6.0,0.0,0.0,0.0,1.0,0.68,0.637629,0.513333,0.0945333,1920.0,3385.0,5305.0,Fall
178.0,2011-06-27,3.0,0.0,6.0,0.0,1.0,1.0,2.0,0.6825,0.637004,0.658333,0.107588,854.0,3854.0,4708.0,Fall
179.0,2011-06-28,3.0,0.0,6.0,0.0,2.0,1.0,1.0,0.744167,0.692558,0.634167,0.144283,732.0,3916.0,4648.0,Fall
180.0,2011-06-29,3.0,0.0,6.0,0.0,3.0,1.0,1.0,0.728333,0.654688,0.497917,0.261821,848.0,4377.0,5225.0,Fall
181.0,2011-06-30,3.0,0.0,6.0,0.0,4.0,1.0,1.0,0.696667,0.637008,0.434167,0.185312,1027.0,4488.0,5515.0,Fall
182.0,2011-07-01,3.0,0.0,7.0,0.0,5.0,1.0,1.0,0.7225,0.652162,0.39625,0.102608,1246.0,4116.0,5362.0,Fall
183.0,2011-07-02,3.0,0.0,7.0,0.0,6.0,0.0,1.0,0.738333,0.667308,0.444583,0.115062,2204.0,2915.0,5119.0,Fall
184.0,2011-07-03,3.0,0.0,7.0,0.0,0.0,0.0,2.0,0.716667,0.668575,0.6825,0.228858,2266.75,2367.0,4649.0,Fall
185.0,2011-07-04,3.0,0.0,7.0,0.0,1.0,0.0,2.0,0.726667,0.665417,0.637917,0.0814792,2266.75,2978.0,6043.0,Fall
186.0,2011-07-05,3.0,0.0,7.0,0.0,2.0,1.0,1.0,0.746667,0.696338,0.590417,0.126258,1031.0,3634.0,4665.0,Fall
187.0,2011-07-06,3.0,0.0,7.0,0.0,3.0,1.0,1.0,0.72,0.685633,0.743333,0.149883,784.0,3845.0,4629.0,Fall
188.0,2011-07-07,3.0,0.0,7.0,0.0,4.0,1.0,1.0,0.75,0.686871,0.65125,0.1592,754.0,3838.0,4592.0,Fall
189.0,2011-07-08,3.0,0.0,7.0,0.0,5.0,1.0,2.0,0.709167,0.670483,0.757917,0.225129,692.0,3348.0,4040.0,Fall
190.0,2011-07-09,3.0,0.0,7.0,0.0,6.0,0.0,1.0,0.733333,0.664158,0.609167,0.167912,1988.0,3348.0,5336.0,Fall
191.0,2011-07-10,3.0,0.0,7.0,0.0,0.0,0.0,1.0,0.7475,0.690025,0.578333,0.183471,1743.0,3138.0,4881.0,Fall
192.0,2011-07-11,3.0,0.0,7.0,0.0,1.0,1.0,1.0,0.7625,0.729804,0.635833,0.282337,723.0,3363.0,4086.0,Fall
193.0,2011-07-12,3.0,0.0,7.0,0.0,2.0,1.0,1.0,0.794167,0.739275,0.559167,0.200254,662.0,3596.0,4258.0,Fall
194.0,2011-07-13,3.0,0.0,7.0,0.0,3.0,1.0,1.0,0.746667,0.689404,0.631667,0.146133,748.0,3594.0,4342.0,Fall
195.0,2011-07-14,3.0,0.0,7.0,0.0,4.0,1.0,1.0,0.680833,0.635104,0.47625,0.240667,888.0,4196.0,5084.0,Fall
196.0,2011-07-15,3.0,0.0,7.0,0.0,5.0,1.0,1.0,0.663333,0.624371,0.59125,0.182833,1318.0,4220.0,5538.0,Fall
197.0,2011-07-16,3.0,0.0,7.0,0.0,6.0,0.0,1.0,0.686667,0.638263,0.585,0.208342,2266.75,3505.0,5923.0,Fall
198.0,2011-07-17,3.0,0.0,7.0,0.0,0.0,0.0,1.0,0.719167,0.669833,0.604167,0.245033,2006.0,3296.0,5302.0,Fall
199.0,2011-07-18,3.0,0.0,7.0,0.0,1.0,1.0,1.0,0.746667,0.703925,0.65125,0.215804,841.0,3617.0,4458.0,Fall
200.0,2011-07-19,3.0,0.0,7.0,0.0,2.0,1.0,1.0,0.776667,0.747479,0.650417,0.1306,752.0,3789.0,4541.0,Fall
201.0,2011-07-20,3.0,0.0,7.0,0.0,3.0,1.0,1.0,0.768333,0.74685,0.707083,0.113817,644.0,3688.0,4332.0,Fall
202.0,2011-07-21,3.0,0.0,7.0,0.0,4.0,1.0,2.0,0.815,0.826371,0.69125,0.222021,632.0,3152.0,3784.0,Fall
203.0,2011-07-22,3.0,0.0,7.0,0.0,5.0,1.0,1.0,0.848333,0.840896,0.580417,0.1331,562.0,2825.0,3387.0,Fall
204.0,2011-07-23,3.0,0.0,7.0,0.0,6.0,0.0,1.0,0.849167,0.804287,0.5,0.131221,987.0,2298.0,3285.0,Fall
205.0,2011-07-24,3.0,0.0,7.0,0.0,0.0,0.0,1.0,0.83,0.794829,0.550833,0.169171,1050.0,2556.0,3606.0,Fall
206.0,2011-07-25,3.0,0.0,7.0,0.0,1.0,1.0,1.0,0.743333,0.720958,0.757083,0.0908083,568.0,3272.0,3840.0,Fall
207.0,2011-07-26,3.0,0.0,7.0,0.0,2.0,1.0,1.0,0.771667,0.696979,0.540833,0.200258,750.0,3840.0,4590.0,Fall
208.0,2011-07-27,3.0,0.0,7.0,0.0,3.0,1.0,1.0,0.775,0.690667,0.402917,0.183463,755.0,3901.0,4656.0,Fall
209.0,2011-07-28,3.0,0.0,7.0,0.0,4.0,1.0,1.0,0.779167,0.7399,0.583333,0.178479,606.0,3784.0,4390.0,Fall
210.0,2011-07-29,3.0,0.0,7.0,0.0,5.0,1.0,1.0,0.838333,0.785967,0.5425,0.174138,670.0,3176.0,3846.0,Fall
211.0,2011-07-30,3.0,0.0,7.0,0.0,6.0,0.0,1.0,0.804167,0.728537,0.465833,0.168537,1559.0,2916.0,4475.0,Fall
212.0,2011-07-31,3.0,0.0,7.0,0.0,0.0,0.0,1.0,0.805833,0.729796,0.480833,0.164813,1524.0,2778.0,4302.0,Fall
213.0,2011-08-01,3.0,0.0,8.0,0.0,1.0,1.0,1.0,0.771667,0.703292,0.550833,0.156717,729.0,3537.0,4266.0,Fall
214.0,2011-08-02,3.0,0.0,8.0,0.0,2.0,1.0,1.0,0.783333,0.707071,0.49125,0.20585,801.0,4044.0,4845.0,Fall
215.0,2011-08-03,3.0,0.0,8.0,0.0,3.0,1.0,2.0,0.731667,0.679937,0.6575,0.135583,467.0,3107.0,3574.0,Fall
216.0,2011-08-04,3.0,0.0,8.0,0.0,4.0,1.0,2.0,0.71,0.664788,0.7575,0.19715,799.0,3777.0,4576.0,Fall
217.0,2011-08-05,3.0,0.0,8.0,0.0,5.0,1.0,1.0,0.710833,0.656567,0.630833,0.184696,1023.0,3843.0,4866.0,Fall
218.0,2011-08-06,3.0,0.0,8.0,0.0,6.0,0.0,2.0,0.716667,0.676154,0.755,0.22825,1521.0,2773.0,4294.0,Fall
219.0,2011-08-07,3.0,0.0,8.0,0.0,0.0,0.0,1.0,0.7425,0.715292,0.752917,0.201487,1298.0,2487.0,3785.0,Fall
220.0,2011-08-08,3.0,0.0,8.0,0.0,1.0,1.0,1.0,0.765,0.703283,0.592083,0.192175,846.0,3480.0,4326.0,Fall
221.0,2011-08-09,3.0,0.0,8.0,0.0,2.0,1.0,1.0,0.775,0.724121,0.570417,0.151121,907.0,3695.0,4602.0,Fall
222.0,2011-08-10,3.0,0.0,8.0,0.0,3.0,1.0,1.0,0.766667,0.684983,0.424167,0.200258,884.0,3896.0,4780.0,Fall
223.0,2011-08-11,3.0,0.0,8.0,0.0,4.0,1.0,1.0,0.7175,0.651521,0.42375,0.164796,812.0,3980.0,4792.0,Fall
224.0,2011-08-12,3.0,0.0,8.0,0.0,5.0,1.0,1.0,0.708333,0.654042,0.415,0.125621,1051.0,3854.0,4905.0,Fall
225.0,2011-08-13,3.0,0.0,8.0,0.0,6.0,0.0,2.0,0.685833,0.645858,0.729583,0.211454,1504.0,2646.0,4150.0,Fall
226.0,2011-08-14,3.0,0.0,8.0,0.0,0.0,0.0,2.0,0.676667,0.624388,0.8175,0.222633,1338.0,2482.0,3820.0,Fall
227.0,2011-08-15,3.0,0.0,8.0,0.0,1.0,1.0,1.0,0.665833,0.616167,0.712083,0.208954,775.0,3563.0,4338.0,Fall
228.0,2011-08-16,3.0,0.0,8.0,0.0,2.0,1.0,1.0,0.700833,0.645837,0.578333,0.236329,721.0,4004.0,4725.0,Fall
229.0,2011-08-17,3.0,0.0,8.0,0.0,3.0,1.0,1.0,0.723333,0.666671,0.575417,0.143667,668.0,4026.0,4694.0,Fall
230.0,2011-08-18,3.0,0.0,8.0,0.0,4.0,1.0,1.0,0.711667,0.662258,0.654583,0.233208,639.0,3166.0,3805.0,Fall
231.0,2011-08-19,3.0,0.0,8.0,0.0,5.0,1.0,2.0,0.685,0.633221,0.722917,0.139308,797.0,3356.0,4153.0,Fall
232.0,2011-08-20,3.0,0.0,8.0,0.0,6.0,0.0,1.0,0.6975,0.648996,0.674167,0.104467,1914.0,3277.0,5191.0,Fall
233.0,2011-08-21,3.0,0.0,8.0,0.0,0.0,0.0,1.0,0.710833,0.675525,0.77,0.248754,1249.0,2624.0,3873.0,Fall
234.0,2011-08-22,3.0,0.0,8.0,0.0,1.0,1.0,1.0,0.691667,0.638254,0.47,0.27675,833.0,3925.0,4758.0,Fall
235.0,2011-08-23,3.0,0.0,8.0,0.0,2.0,1.0,1.0,0.640833,0.606067,0.455417,0.146763,1281.0,4614.0,5895.0,Fall
236.0,2011-08-24,3.0,0.0,8.0,0.0,3.0,1.0,1.0,0.673333,0.630692,0.605,0.253108,949.0,4181.0,5130.0,Fall
237.0,2011-08-25,3.0,0.0,8.0,0.0,4.0,1.0,2.0,0.684167,0.645854,0.771667,0.210833,435.0,3107.0,3542.0,Fall
238.0,2011-08-26,3.0,0.0,8.0,0.0,5.0,1.0,1.0,0.7,0.659733,0.76125,0.0839625,768.0,3893.0,4661.0,Fall
239.0,2011-08-27,3.0,0.0,8.0,0.0,6.0,0.0,2.0,0.68,0.635556,0.85,0.375617,226.0,889.0,1115.0,Fall
240.0,2011-08-28,3.0,0.0,8.0,0.0,0.0,0.0,1.0,0.707059,0.647959,0.561765,0.304659,1415.0,2919.0,4334.0,Fall
241.0,2011-08-29,3.0,0.0,8.0,0.0,1.0,1.0,1.0,0.636667,0.607958,0.554583,0.159825,729.0,3905.0,4634.0,Fall
242.0,2011-08-30,3.0,0.0,8.0,0.0,2.0,1.0,1.0,0.639167,0.594704,0.548333,0.125008,775.0,4429.0,5204.0,Fall
243.0,2011-08-31,3.0,0.0,8.0,0.0,3.0,1.0,1.0,0.656667,0.611121,0.597917,0.0833333,688.0,4370.0,5058.0,Fall
244.0,2011-09-01,3.0,0.0,9.0,0.0,4.0,1.0,1.0,0.655,0.614921,0.639167,0.141796,783.0,4332.0,5115.0,Fall
245.0,2011-09-02,3.0,0.0,9.0,0.0,5.0,1.0,2.0,0.643333,0.604808,0.727083,0.139929,875.0,3852.0,4727.0,Fall
246.0,2011-09-03,3.0,0.0,9.0,0.0,6.0,0.0,1.0,0.669167,0.633213,0.716667,0.185325,1935.0,2549.0,4484.0,Fall
247.0,2011-09-04,3.0,0.0,9.0,0.0,0.0,0.0,1.0,0.709167,0.665429,0.742083,0.206467,2266.75,2419.0,4940.0,Fall
248.0,2011-09-05,3.0,0.0,9.0,0.0,1.0,0.0,2.0,0.673333,0.625646,0.790417,0.212696,1236.0,2115.0,3351.0,Fall
249.0,2011-09-06,3.0,0.0,9.0,0.0,2.0,1.0,3.0,0.54,0.5152,0.886957,0.343943,204.0,2506.0,2710.0,Fall
250.0,2011-09-07,3.0,0.0,9.0,0.0,3.0,1.0,3.0,0.599167,0.544229,0.917083,0.0970208,118.0,1878.0,1996.0,Fall
251.0,2011-09-08,3.0,0.0,9.0,0.0,4.0,1.0,3.0,0.633913,0.555361,0.939565,0.192748,153.0,1689.0,1842.0,Fall
252.0,2011-09-09,3.0,0.0,9.0,0.0,5.0,1.0,2.0,0.65,0.578946,0.897917,0.124379,417.0,3127.0,3544.0,Fall
253.0,2011-09-10,3.0,0.0,9.0,0.0,6.0,0.0,1.0,0.66,0.607962,0.75375,0.153608,1750.0,3595.0,5345.0,Fall
254.0,2011-09-11,3.0,0.0,9.0,0.0,0.0,0.0,1.0,0.653333,0.609229,0.71375,0.115054,1633.0,3413.0,5046.0,Fall
255.0,2011-09-12,3.0,0.0,9.0,0.0,1.0,1.0,1.0,0.644348,0.60213,0.692174,0.088913,690.0,4023.0,4713.0,Fall
256.0,2011-09-13,3.0,0.0,9.0,0.0,2.0,1.0,1.0,0.650833,0.603554,0.7125,0.141804,701.0,4062.0,4763.0,Fall
257.0,2011-09-14,3.0,0.0,9.0,0.0,3.0,1.0,1.0,0.673333,0.6269,0.697083,0.1673,647.0,4138.0,4785.0,Fall
258.0,2011-09-15,3.0,0.0,9.0,0.0,4.0,1.0,2.0,0.5775,0.553671,0.709167,0.271146,428.0,3231.0,3659.0,Fall
259.0,2011-09-16,3.0,0.0,9.0,0.0,5.0,1.0,2.0,0.469167,0.461475,0.590417,0.164183,742.0,4018.0,4760.0,Fall
260.0,2011-09-17,3.0,0.0,9.0,0.0,6.0,0.0,2.0,0.491667,0.478512,0.718333,0.189675,1434.0,3077.0,4511.0,Fall
261.0,2011-09-18,3.0,0.0,9.0,0.0,0.0,0.0,1.0,0.5075,0.490537,0.695,0.178483,1353.0,2921.0,4274.0,Fall
262.0,2011-09-19,3.0,0.0,9.0,0.0,1.0,1.0,2.0,0.549167,0.529675,0.69,0.151742,691.0,3848.0,4539.0,Fall
263.0,2011-09-20,3.0,0.0,9.0,0.0,2.0,1.0,2.0,0.561667,0.532217,0.88125,0.134954,438.0,3203.0,3641.0,Fall
264.0,2011-09-21,3.0,0.0,9.0,0.0,3.0,1.0,2.0,0.595,0.550533,0.9,0.0964042,539.0,3813.0,4352.0,Fall
265.0,2011-09-22,3.0,0.0,9.0,0.0,4.0,1.0,2.0,0.628333,0.554963,0.902083,0.128125,555.0,4240.0,4795.0,Fall
266.0,2011-09-23,4.0,0.0,9.0,0.0,5.0,1.0,2.0,0.609167,0.522125,0.9725,0.0783667,258.0,2137.0,2395.0,Winter
267.0,2011-09-24,4.0,0.0,9.0,0.0,6.0,0.0,2.0,0.606667,0.564412,0.8625,0.0783833,1776.0,3647.0,5423.0,Winter
268.0,2011-09-25,4.0,0.0,9.0,0.0,0.0,0.0,2.0,0.634167,0.572637,0.845,0.0503792,1544.0,3466.0,5010.0,Winter
269.0,2011-09-26,4.0,0.0,9.0,0.0,1.0,1.0,2.0,0.649167,0.589042,0.848333,0.1107,684.0,3946.0,4630.0,Winter
270.0,2011-09-27,4.0,0.0,9.0,0.0,2.0,1.0,2.0,0.636667,0.574525,0.885417,0.118171,477.0,3643.0,4120.0,Winter
271.0,2011-09-28,4.0,0.0,9.0,0.0,3.0,1.0,2.0,0.635,0.575158,0.84875,0.148629,480.0,3427.0,3907.0,Winter
272.0,2011-09-29,4.0,0.0,9.0,0.0,4.0,1.0,1.0,0.616667,0.574512,0.699167,0.172883,653.0,4186.0,4839.0,Winter
273.0,2011-09-30,4.0,0.0,9.0,0.0,5.0,1.0,1.0,0.564167,0.544829,0.6475,0.206475,830.0,4372.0,5202.0,Winter
274.0,2011-10-01,4.0,0.0,10.0,0.0,6.0,0.0,2.0,0.41,0.412863,0.75375,0.292296,480.0,1949.0,2429.0,Winter
275.0,2011-10-02,4.0,0.0,10.0,0.0,0.0,0.0,2.0,0.356667,0.345317,0.791667,0.222013,616.0,2302.0,2918.0,Winter
276.0,2011-10-03,4.0,0.0,10.0,0.0,1.0,1.0,2.0,0.384167,0.392046,0.760833,0.0833458,330.0,3240.0,3570.0,Winter
277.0,2011-10-04,4.0,0.0,10.0,0.0,2.0,1.0,1.0,0.484167,0.472858,0.71,0.205854,486.0,3970.0,4456.0,Winter
278.0,2011-10-05,4.0,0.0,10.0,0.0,3.0,1.0,1.0,0.538333,0.527138,0.647917,0.17725,559.0,4267.0,4826.0,Winter
279.0,2011-10-06,4.0,0.0,10.0,0.0,4.0,1.0,1.0,0.494167,0.480425,0.620833,0.134954,639.0,4126.0,4765.0,Winter
280.0,2011-10-07,4.0,0.0,10.0,0.0,5.0,1.0,1.0,0.510833,0.504404,0.684167,0.0223917,949.0,4036.0,4985.0,Winter
281.0,2011-10-08,4.0,0.0,10.0,0.0,6.0,0.0,1.0,0.521667,0.513242,0.70125,0.0454042,2235.0,3174.0,5409.0,Winter
282.0,2011-10-09,4.0,0.0,10.0,0.0,0.0,0.0,1.0,0.540833,0.523983,0.7275,0.06345,2266.75,3114.0,5511.0,Winter
283.0,2011-10-10,4.0,0.0,10.0,0.0,1.0,0.0,1.0,0.570833,0.542925,0.73375,0.0423042,1514.0,3603.0,5117.0,Winter
284.0,2011-10-11,4.0,0.0,10.0,0.0,2.0,1.0,2.0,0.566667,0.546096,0.80875,0.143042,667.0,3896.0,4563.0,Winter
285.0,2011-10-12,4.0,0.0,10.0,0.0,3.0,1.0,3.0,0.543333,0.517717,0.90625,0.24815,217.0,2199.0,2416.0,Winter
286.0,2011-10-13,4.0,0.0,10.0,0.0,4.0,1.0,2.0,0.589167,0.551804,0.896667,0.141787,290.0,2623.0,2913.0,Winter
287.0,2011-10-14,4.0,0.0,10.0,0.0,5.0,1.0,2.0,0.550833,0.529675,0.71625,0.223883,529.0,3115.0,3644.0,Winter
288.0,2011-10-15,4.0,0.0,10.0,0.0,6.0,0.0,1.0,0.506667,0.498725,0.483333,0.258083,1899.0,3318.0,5217.0,Winter
289.0,2011-10-16,4.0,0.0,10.0,0.0,0.0,0.0,1.0,0.511667,0.503154,0.486667,0.281717,1748.0,3293.0,5041.0,Winter
290.0,2011-10-17,4.0,0.0,10.0,0.0,1.0,1.0,1.0,0.534167,0.510725,0.579583,0.175379,713.0,3857.0,4570.0,Winter
291.0,2011-10-18,4.0,0.0,10.0,0.0,2.0,1.0,2.0,0.5325,0.522721,0.701667,0.110087,637.0,4111.0,4748.0,Winter
292.0,2011-10-19,4.0,0.0,10.0,0.0,3.0,1.0,3.0,0.541739,0.513848,0.895217,0.243339,254.0,2170.0,2424.0,Winter
293.0,2011-10-20,4.0,0.0,10.0,0.0,4.0,1.0,1.0,0.475833,0.466525,0.63625,0.38061125,471.0,3724.0,4195.0,Winter
294.0,2011-10-21,4.0,0.0,10.0,0.0,5.0,1.0,1.0,0.4275,0.423596,0.574167,0.221396,676.0,3628.0,4304.0,Winter
295.0,2011-10-22,4.0,0.0,10.0,0.0,6.0,0.0,1.0,0.4225,0.425492,0.629167,0.0926667,1499.0,2809.0,4308.0,Winter
296.0,2011-10-23,4.0,0.0,10.0,0.0,0.0,0.0,1.0,0.421667,0.422333,0.74125,0.0995125,1619.0,2762.0,4381.0,Winter
297.0,2011-10-24,4.0,0.0,10.0,0.0,1.0,1.0,1.0,0.463333,0.457067,0.772083,0.118792,699.0,3488.0,4187.0,Winter
298.0,2011-10-25,4.0,0.0,10.0,0.0,2.0,1.0,1.0,0.471667,0.463375,0.622917,0.166658,695.0,3992.0,4687.0,Winter
299.0,2011-10-26,4.0,0.0,10.0,0.0,3.0,1.0,2.0,0.484167,0.472846,0.720417,0.148642,404.0,3490.0,3894.0,Winter
300.0,2011-10-27,4.0,0.0,10.0,0.0,4.0,1.0,2.0,0.47,0.457046,0.812917,0.197763,240.0,2419.0,2659.0,Winter
301.0,2011-10-28,4.0,0.0,10.0,0.0,5.0,1.0,2.0,0.330833,0.318812,0.585833,0.229479,456.0,3291.0,3747.0,Winter
302.0,2011-10-29,4.0,0.0,10.0,0.0,6.0,0.0,3.0,0.254167,0.227913,0.8825,0.351371,57.0,570.0,627.0,Winter
303.0,2011-10-30,4.0,0.0,10.0,0.0,0.0,0.0,1.0,0.319167,0.321329,0.62375,0.176617,885.0,2446.0,3331.0,Winter
304.0,2011-10-31,4.0,0.0,10.0,0.0,1.0,1.0,1.0,0.34,0.356063,0.703333,0.10635,362.0,3307.0,3669.0,Winter
305.0,2011-11-01,4.0,0.0,11.0,0.0,2.0,1.0,1.0,0.400833,0.397088,0.68375,0.135571,410.0,3658.0,4068.0,Winter
306.0,2011-11-02,4.0,0.0,11.0,0.0,3.0,1.0,1.0,0.3775,0.390133,0.71875,0.0820917,370.0,3816.0,4186.0,Winter
307.0,2011-11-03,4.0,0.0,11.0,0.0,4.0,1.0,1.0,0.408333,0.405921,0.702083,0.136817,318.0,3656.0,3974.0,Winter
308.0,2011-11-04,4.0,0.0,11.0,0.0,5.0,1.0,2.0,0.403333,0.403392,0.6225,0.271779,470.0,3576.0,4046.0,Winter
309.0,2011-11-05,4.0,0.0,11.0,0.0,6.0,0.0,1.0,0.326667,0.323854,0.519167,0.189062,1156.0,2770.0,3926.0,Winter
310.0,2011-11-06,4.0,0.0,11.0,0.0,0.0,0.0,1.0,0.348333,0.362358,0.734583,0.0920542,952.0,2697.0,3649.0,Winter
311.0,2011-11-07,4.0,0.0,11.0,0.0,1.0,1.0,1.0,0.395,0.400871,0.75875,0.057225,373.0,3662.0,4035.0,Winter
312.0,2011-11-08,4.0,0.0,11.0,0.0,2.0,1.0,1.0,0.408333,0.412246,0.721667,0.0690375,376.0,3829.0,4205.0,Winter
313.0,2011-11-09,4.0,0.0,11.0,0.0,3.0,1.0,1.0,0.4,0.409079,0.758333,0.0621958,305.0,3804.0,4109.0,Winter
314.0,2011-11-10,4.0,0.0,11.0,0.0,4.0,1.0,2.0,0.38,0.373721,0.813333,0.189067,190.0,2743.0,2933.0,Winter
315.0,2011-11-11,4.0,0.0,11.0,0.0,5.0,0.0,1.0,0.324167,0.306817,0.44625,0.314675,440.0,2928.0,3368.0,Winter
316.0,2011-11-12,4.0,0.0,11.0,0.0,6.0,0.0,1.0,0.356667,0.357942,0.552917,0.212062,1275.0,2792.0,4067.0,Winter
317.0,2011-11-13,4.0,0.0,11.0,0.0,0.0,0.0,1.0,0.440833,0.43055,0.458333,0.281721,1004.0,2713.0,3717.0,Winter
318.0,2011-11-14,4.0,0.0,11.0,0.0,1.0,1.0,1.0,0.53,0.524612,0.587083,0.306596,595.0,3891.0,4486.0,Winter
319.0,2011-11-15,4.0,0.0,11.0,0.0,2.0,1.0,2.0,0.53,0.507579,0.68875,0.199633,449.0,3746.0,4195.0,Winter
320.0,2011-11-16,4.0,0.0,11.0,0.0,3.0,1.0,3.0,0.456667,0.451988,0.93,0.136829,145.0,1672.0,1817.0,Winter
321.0,2011-11-17,4.0,0.0,11.0,0.0,4.0,1.0,2.0,0.341667,0.323221,0.575833,0.305362,139.0,2914.0,3053.0,Winter
322.0,2011-11-18,4.0,0.0,11.0,0.0,5.0,1.0,1.0,0.274167,0.272721,0.41,0.168533,245.0,3147.0,3392.0,Winter
323.0,2011-11-19,4.0,0.0,11.0,0.0,6.0,0.0,1.0,0.329167,0.324483,0.502083,0.224496,943.0,2720.0,3663.0,Winter
324.0,2011-11-20,4.0,0.0,11.0,0.0,0.0,0.0,2.0,0.463333,0.457058,0.684583,0.18595,787.0,2733.0,3520.0,Winter
325.0,2011-11-21,4.0,0.0,11.0,0.0,1.0,1.0,3.0,0.4475,0.445062,0.91,0.138054,220.0,2545.0,2765.0,Winter
326.0,2011-11-22,4.0,0.0,11.0,0.0,2.0,1.0,3.0,0.416667,0.421696,0.9625,0.118792,69.0,1538.0,1607.0,Winter
327.0,2011-11-23,4.0,0.0,11.0,0.0,3.0,1.0,2.0,0.440833,0.430537,0.757917,0.335825,112.0,2454.0,2566.0,Winter
328.0,2011-11-24,4.0,0.0,11.0,0.0,4.0,0.0,1.0,0.373333,0.372471,0.549167,0.167304,560.0,935.0,1495.0,Winter
329.0,2011-11-25,4.0,0.0,11.0,0.0,5.0,1.0,1.0,0.375,0.380671,0.64375,0.0988958,1095.0,1697.0,2792.0,Winter
330.0,2011-11-26,4.0,0.0,11.0,0.0,6.0,0.0,1.0,0.375833,0.385087,0.681667,0.0684208,1249.0,1819.0,3068.0,Winter
331.0,2011-11-27,4.0,0.0,11.0,0.0,0.0,0.0,1.0,0.459167,0.4558,0.698333,0.208954,810.0,2261.0,3071.0,Winter
332.0,2011-11-28,4.0,0.0,11.0,0.0,1.0,1.0,1.0,0.503478,0.490122,0.743043,0.142122,253.0,3614.0,3867.0,Winter
333.0,2011-11-29,4.0,0.0,11.0,0.0,2.0,1.0,2.0,0.458333,0.451375,0.830833,0.258092,96.0,2818.0,2914.0,Winter
334.0,2011-11-30,4.0,0.0,11.0,0.0,3.0,1.0,1.0,0.325,0.311221,0.613333,0.271158,188.0,3425.0,3613.0,Winter
335.0,2011-12-01,4.0,0.0,12.0,0.0,4.0,1.0,1.0,0.3125,0.305554,0.524583,0.220158,182.0,3545.0,3727.0,Winter
336.0,2011-12-02,4.0,0.0,12.0,0.0,5.0,1.0,1.0,0.314167,0.331433,0.625833,0.100754,268.0,3672.0,3940.0,Winter
337.0,2011-12-03,4.0,0.0,12.0,0.0,6.0,0.0,1.0,0.299167,0.310604,0.612917,0.0957833,706.0,2908.0,3614.0,Winter
338.0,2011-12-04,4.0,0.0,12.0,0.0,0.0,0.0,1.0,0.330833,0.3491,0.775833,0.0839583,634.0,2851.0,3485.0,Winter
339.0,2011-12-05,4.0,0.0,12.0,0.0,1.0,1.0,2.0,0.385833,0.393925,0.827083,0.0622083,233.0,3578.0,3811.0,Winter
340.0,2011-12-06,4.0,0.0,12.0,0.0,2.0,1.0,3.0,0.4625,0.4564,0.949583,0.232583,126.0,2468.0,2594.0,Winter
341.0,2011-12-07,4.0,0.0,12.0,0.0,3.0,1.0,3.0,0.41,0.400246,0.970417,0.266175,50.0,655.0,705.0,Winter
342.0,2011-12-08,4.0,0.0,12.0,0.0,4.0,1.0,1.0,0.265833,0.256938,0.58,0.240058,150.0,3172.0,3322.0,Winter
343.0,2011-12-09,4.0,0.0,12.0,0.0,5.0,1.0,1.0,0.290833,0.317542,0.695833,0.0827167,261.0,3359.0,3620.0,Winter
344.0,2011-12-10,4.0,0.0,12.0,0.0,6.0,0.0,1.0,0.275,0.266412,0.5075,0.233221,502.0,2688.0,3190.0,Winter
345.0,2011-12-11,4.0,0.0,12.0,0.0,0.0,0.0,1.0,0.220833,0.253154,0.49,0.0665417,377.0,2366.0,2743.0,Winter
346.0,2011-12-12,4.0,0.0,12.0,0.0,1.0,1.0,1.0,0.238333,0.270196,0.670833,0.06345,143.0,3167.0,3310.0,Winter
347.0,2011-12-13,4.0,0.0,12.0,0.0,2.0,1.0,1.0,0.2825,0.301138,0.59,0.14055,155.0,3368.0,3523.0,Winter
348.0,2011-12-14,4.0,0.0,12.0,0.0,3.0,1.0,2.0,0.3175,0.338362,0.66375,0.0609583,178.0,3562.0,3740.0,Winter
349.0,2011-12-15,4.0,0.0,12.0,0.0,4.0,1.0,2.0,0.4225,0.412237,0.634167,0.268042,181.0,3528.0,3709.0,Winter
350.0,2011-12-16,4.0,0.0,12.0,0.0,5.0,1.0,2.0,0.375,0.359825,0.500417,0.260575,178.0,3399.0,3577.0,Winter
351.0,2011-12-17,4.0,0.0,12.0,0.0,6.0,0.0,2.0,0.258333,0.249371,0.560833,0.243167,275.0,2464.0,2739.0,Winter
352.0,2011-12-18,4.0,0.0,12.0,0.0,0.0,0.0,1.0,0.238333,0.245579,0.58625,0.169779,220.0,2211.0,2431.0,Winter
353.0,2011-12-19,4.0,0.0,12.0,0.0,1.0,1.0,1.0,0.276667,0.280933,0.6375,0.172896,260.0,3143.0,3403.0,Winter
354.0,2011-12-20,4.0,0.0,12.0,0.0,2.0,1.0,2.0,0.385833,0.396454,0.595417,0.0615708,216.0,3534.0,3750.0,Winter
355.0,2011-12-21,1.0,0.0,12.0,0.0,3.0,1.0,2.0,0.428333,0.428017,0.858333,0.2214,107.0,2553.0,2660.0,Spring
356.0,2011-12-22,1.0,0.0,12.0,0.0,4.0,1.0,2.0,0.423333,0.426121,0.7575,0.047275,227.0,2841.0,3068.0,Spring
357.0,2011-12-23,1.0,0.0,12.0,0.0,5.0,1.0,1.0,0.373333,0.377513,0.68625,0.274246,163.0,2046.0,2209.0,Spring
358.0,2011-12-24,1.0,0.0,12.0,0.0,6.0,0.0,1.0,0.3025,0.299242,0.5425,0.190304,155.0,856.0,1011.0,Spring
359.0,2011-12-25,1.0,0.0,12.0,0.0,0.0,0.0,1.0,0.274783,0.279961,0.681304,0.155091,303.0,451.0,754.0,Spring
360.0,2011-12-26,1.0,0.0,12.0,0.0,1.0,0.0,1.0,0.321739,0.315535,0.506957,0.239465,430.0,887.0,1317.0,Spring
361.0,2011-12-27,1.0,0.0,12.0,0.0,2.0,1.0,2.0,0.325,0.327633,0.7625,0.18845,103.0,1059.0,1162.0,Spring
362.0,2011-12-28,1.0,0.0,12.0,0.0,3.0,1.0,1.0,0.29913,0.279974,0.503913,0.293961,255.0,2047.0,2302.0,Spring
363.0,2011-12-29,1.0,0.0,12.0,0.0,4.0,1.0,1.0,0.248333,0.263892,0.574167,0.119412,254.0,2169.0,2423.0,Spring
364.0,2011-12-30,1.0,0.0,12.0,0.0,5.0,1.0,1.0,0.311667,0.318812,0.636667,0.134337,491.0,2508.0,2999.0,Spring
365.0,2011-12-31,1.0,0.0,12.0,0.0,6.0,0.0,1.0,0.41,0.414121,0.615833,0.220154,665.0,1820.0,2485.0,Spring
366.0,2012-01-01,1.0,1.0,1.0,0.0,0.0,0.0,1.0,0.37,0.375621,0.6925,0.192167,686.0,1608.0,2294.0,Spring
367.0,2012-01-02,1.0,1.0,1.0,0.0,1.0,0.0,1.0,0.273043,0.252304,0.381304,0.329665,244.0,1707.0,1951.0,Spring
368.0,2012-01-03,1.0,1.0,1.0,0.0,2.0,1.0,1.0,0.15,0.126275,0.44125,0.365671,89.0,2147.0,2236.0,Spring
369.0,2012-01-04,1.0,1.0,1.0,0.0,3.0,1.0,2.0,0.1075,0.119337,0.414583,0.1847,95.0,2273.0,2368.0,Spring
370.0,2012-01-05,1.0,1.0,1.0,0.0,4.0,1.0,1.0,0.265833,0.278412,0.524167,0.129987,140.0,3132.0,3272.0,Spring
371.0,2012-01-06,1.0,1.0,1.0,0.0,5.0,1.0,1.0,0.334167,0.340267,0.542083,0.167908,307.0,3791.0,4098.0,Spring
372.0,2012-01-07,1.0,1.0,1.0,0.0,6.0,0.0,1.0,0.393333,0.390779,0.531667,0.174758,1070.0,3451.0,4521.0,Spring
373.0,2012-01-08,1.0,1.0,1.0,0.0,0.0,0.0,1.0,0.3375,0.340258,0.465,0.191542,599.0,2826.0,3425.0,Spring
374.0,2012-01-09,1.0,1.0,1.0,0.0,1.0,1.0,2.0,0.224167,0.247479,0.701667,0.0989,106.0,2270.0,2376.0,Spring
375.0,2012-01-10,1.0,1.0,1.0,0.0,2.0,1.0,1.0,0.308696,0.318826,0.646522,0.187552,173.0,3425.0,3598.0,Spring
376.0,2012-01-11,1.0,1.0,1.0,0.0,3.0,1.0,2.0,0.274167,0.282821,0.8475,0.131221,92.0,2085.0,2177.0,Spring
377.0,2012-01-12,1.0,1.0,1.0,0.0,4.0,1.0,2.0,0.3825,0.381938,0.802917,0.180967,269.0,3828.0,4097.0,Spring
378.0,2012-01-13,1.0,1.0,1.0,0.0,5.0,1.0,1.0,0.274167,0.249362,0.5075,0.378108,174.0,3040.0,3214.0,Spring
379.0,2012-01-14,1.0,1.0,1.0,0.0,6.0,0.0,1.0,0.18,0.183087,0.4575,0.187183,333.0,2160.0,2493.0,Spring
380.0,2012-01-15,1.0,1.0,1.0,0.0,0.0,0.0,1.0,0.166667,0.161625,0.419167,0.251258,284.0,2027.0,2311.0,Spring
381.0,2012-01-16,1.0,1.0,1.0,0.0,1.0,0.0,1.0,0.19,0.190663,0.5225,0.231358,217.0,2081.0,2298.0,Spring
382.0,2012-01-17,1.0,1.0,1.0,0.0,2.0,1.0,2.0,0.373043,0.364278,0.716087,0.34913,127.0,2808.0,2935.0,Spring
383.0,2012-01-18,1.0,1.0,1.0,0.0,3.0,1.0,1.0,0.303333,0.275254,0.443333,0.38061125,109.0,3267.0,3376.0,Spring
384.0,2012-01-19,1.0,1.0,1.0,0.0,4.0,1.0,1.0,0.19,0.190038,0.4975,0.220158,130.0,3162.0,3292.0,Spring
385.0,2012-01-20,1.0,1.0,1.0,0.0,5.0,1.0,2.0,0.2175,0.220958,0.45,0.20275,115.0,3048.0,3163.0,Spring
386.0,2012-01-21,1.0,1.0,1.0,0.0,6.0,0.0,2.0,0.173333,0.174875,0.83125,0.222642,67.0,1234.0,1301.0,Spring
387.0,2012-01-22,1.0,1.0,1.0,0.0,0.0,0.0,2.0,0.1625,0.16225,0.79625,0.199638,196.0,1781.0,1977.0,Spring
388.0,2012-01-23,1.0,1.0,1.0,0.0,1.0,1.0,2.0,0.218333,0.243058,0.91125,0.110708,145.0,2287.0,2432.0,Spring
389.0,2012-01-24,1.0,1.0,1.0,0.0,2.0,1.0,1.0,0.3425,0.349108,0.835833,0.123767,439.0,3900.0,4339.0,Spring
390.0,2012-01-25,1.0,1.0,1.0,0.0,3.0,1.0,1.0,0.294167,0.294821,0.64375,0.161071,467.0,3803.0,4270.0,Spring
391.0,2012-01-26,1.0,1.0,1.0,0.0,4.0,1.0,2.0,0.341667,0.35605,0.769583,0.0733958,244.0,3831.0,4075.0,Spring
392.0,2012-01-27,1.0,1.0,1.0,0.0,5.0,1.0,2.0,0.425,0.415383,0.74125,0.342667,269.0,3187.0,3456.0,Spring
393.0,2012-01-28,1.0,1.0,1.0,0.0,6.0,0.0,1.0,0.315833,0.326379,0.543333,0.210829,775.0,3248.0,4023.0,Spring
394.0,2012-01-29,1.0,1.0,1.0,0.0,0.0,0.0,1.0,0.2825,0.272721,0.31125,0.24005,558.0,2685.0,3243.0,Spring
395.0,2012-01-30,1.0,1.0,1.0,0.0,1.0,1.0,1.0,0.269167,0.262625,0.400833,0.215792,126.0,3498.0,3624.0,Spring
396.0,2012-01-31,1.0,1.0,1.0,0.0,2.0,1.0,1.0,0.39,0.381317,0.416667,0.261817,324.0,4185.0,4509.0,Spring
397.0,2012-02-01,1.0,1.0,2.0,0.0,3.0,1.0,1.0,0.469167,0.466538,0.507917,0.189067,304.0,4275.0,4579.0,Spring
398.0,2012-02-02,1.0,1.0,2.0,0.0,4.0,1.0,2.0,0.399167,0.398971,0.672917,0.187187,190.0,3571.0,3761.0,Spring
399.0,2012-02-03,1.0,1.0,2.0,0.0,5.0,1.0,1.0,0.313333,0.309346,0.526667,0.178496,310.0,3841.0,4151.0,Spring
400.0,2012-02-04,1.0,1.0,2.0,0.0,6.0,0.0,2.0,0.264167,0.272725,0.779583,0.121896,384.0,2448.0,2832.0,Spring
401.0,2012-02-05,1.0,1.0,2.0,0.0,0.0,0.0,2.0,0.265833,0.264521,0.687917,0.175996,318.0,2629.0,2947.0,Spring
402.0,2012-02-06,1.0,1.0,2.0,0.0,1.0,1.0,1.0,0.282609,0.296426,0.622174,0.1538,206.0,3578.0,3784.0,Spring
403.0,2012-02-07,1.0,1.0,2.0,0.0,2.0,1.0,1.0,0.354167,0.361104,0.49625,0.147379,199.0,4176.0,4375.0,Spring
404.0,2012-02-08,1.0,1.0,2.0,0.0,3.0,1.0,2.0,0.256667,0.266421,0.722917,0.133721,109.0,2693.0,2802.0,Spring
405.0,2012-02-09,1.0,1.0,2.0,0.0,4.0,1.0,1.0,0.265,0.261988,0.562083,0.194037,163.0,3667.0,3830.0,Spring
406.0,2012-02-10,1.0,1.0,2.0,0.0,5.0,1.0,2.0,0.280833,0.293558,0.54,0.116929,227.0,3604.0,3831.0,Spring
407.0,2012-02-11,1.0,1.0,2.0,0.0,6.0,0.0,3.0,0.224167,0.210867,0.73125,0.289796,192.0,1977.0,2169.0,Spring
408.0,2012-02-12,1.0,1.0,2.0,0.0,0.0,0.0,1.0,0.1275,0.101658,0.464583,0.38061125,73.0,1456.0,1529.0,Spring
409.0,2012-02-13,1.0,1.0,2.0,0.0,1.0,1.0,1.0,0.2225,0.227913,0.41125,0.167283,94.0,3328.0,3422.0,Spring
410.0,2012-02-14,1.0,1.0,2.0,0.0,2.0,1.0,2.0,0.319167,0.333946,0.50875,0.141179,135.0,3787.0,3922.0,Spring
411.0,2012-02-15,1.0,1.0,2.0,0.0,3.0,1.0,1.0,0.348333,0.351629,0.53125,0.1816,141.0,4028.0,4169.0,Spring
412.0,2012-02-16,1.0,1.0,2.0,0.0,4.0,1.0,2.0,0.316667,0.330162,0.752917,0.091425,74.0,2931.0,3005.0,Spring
413.0,2012-02-17,1.0,1.0,2.0,0.0,5.0,1.0,1.0,0.343333,0.351629,0.634583,0.205846,349.0,3805.0,4154.0,Spring
414.0,2012-02-18,1.0,1.0,2.0,0.0,6.0,0.0,1.0,0.346667,0.355425,0.534583,0.190929,1435.0,2883.0,4318.0,Spring
415.0,2012-02-19,1.0,1.0,2.0,0.0,0.0,0.0,2.0,0.28,0.265788,0.515833,0.253112,618.0,2071.0,2689.0,Spring
416.0,2012-02-20,1.0,1.0,2.0,0.0,1.0,0.0,1.0,0.28,0.273391,0.507826,0.229083,502.0,2627.0,3129.0,Spring
417.0,2012-02-21,1.0,1.0,2.0,0.0,2.0,1.0,1.0,0.287826,0.295113,0.594348,0.205717,163.0,3614.0,3777.0,Spring
418.0,2012-02-22,1.0,1.0,2.0,0.0,3.0,1.0,1.0,0.395833,0.392667,0.567917,0.234471,394.0,4379.0,4773.0,Spring
419.0,2012-02-23,1.0,1.0,2.0,0.0,4.0,1.0,1.0,0.454167,0.444446,0.554583,0.190913,516.0,4546.0,5062.0,Spring
420.0,2012-02-24,1.0,1.0,2.0,0.0,5.0,1.0,2.0,0.4075,0.410971,0.7375,0.237567,246.0,3241.0,3487.0,Spring
421.0,2012-02-25,1.0,1.0,2.0,0.0,6.0,0.0,1.0,0.290833,0.255675,0.395833,0.38061125,317.0,2415.0,2732.0,Spring
422.0,2012-02-26,1.0,1.0,2.0,0.0,0.0,0.0,1.0,0.279167,0.268308,0.41,0.205229,515.0,2874.0,3389.0,Spring
423.0,2012-02-27,1.0,1.0,2.0,0.0,1.0,1.0,1.0,0.366667,0.357954,0.490833,0.268033,253.0,4069.0,4322.0,Spring
424.0,2012-02-28,1.0,1.0,2.0,0.0,2.0,1.0,1.0,0.359167,0.353525,0.395833,0.193417,229.0,4134.0,4363.0,Spring
425.0,2012-02-29,1.0,1.0,2.0,0.0,3.0,1.0,2.0,0.344348,0.34847,0.804783,0.179117,65.0,1769.0,1834.0,Spring
426.0,2012-03-01,1.0,1.0,3.0,0.0,4.0,1.0,1.0,0.485833,0.475371,0.615417,0.226987,325.0,4665.0,4990.0,Spring
427.0,2012-03-02,1.0,1.0,3.0,0.0,5.0,1.0,2.0,0.353333,0.359842,0.657083,0.144904,246.0,2948.0,3194.0,Spring
428.0,2012-03-03,1.0,1.0,3.0,0.0,6.0,0.0,2.0,0.414167,0.413492,0.62125,0.161079,956.0,3110.0,4066.0,Spring
429.0,2012-03-04,1.0,1.0,3.0,0.0,0.0,0.0,1.0,0.325833,0.303021,0.403333,0.334571,710.0,2713.0,3423.0,Spring
430.0,2012-03-05,1.0,1.0,3.0,0.0,1.0,1.0,1.0,0.243333,0.241171,0.50625,0.228858,203.0,3130.0,3333.0,Spring
431.0,2012-03-06,1.0,1.0,3.0,0.0,2.0,1.0,1.0,0.258333,0.255042,0.456667,0.200875,221.0,3735.0,3956.0,Spring
432.0,2012-03-07,1.0,1.0,3.0,0.0,3.0,1.0,1.0,0.404167,0.3851,0.513333,0.345779,432.0,4484.0,4916.0,Spring
433.0,2012-03-08,1.0,1.0,3.0,0.0,4.0,1.0,1.0,0.5275,0.524604,0.5675,0.38061125,486.0,4896.0,5382.0,Spring
434.0,2012-03-09,1.0,1.0,3.0,0.0,5.0,1.0,2.0,0.410833,0.397083,0.407083,0.38061125,447.0,4122.0,4569.0,Spring
435.0,2012-03-10,1.0,1.0,3.0,0.0,6.0,0.0,1.0,0.2875,0.277767,0.350417,0.22575,968.0,3150.0,4118.0,Spring
436.0,2012-03-11,1.0,1.0,3.0,0.0,0.0,0.0,1.0,0.361739,0.35967,0.476957,0.222587,1658.0,3253.0,4911.0,Spring
437.0,2012-03-12,1.0,1.0,3.0,0.0,1.0,1.0,1.0,0.466667,0.459592,0.489167,0.207713,838.0,4460.0,5298.0,Spring
438.0,2012-03-13,1.0,1.0,3.0,0.0,2.0,1.0,1.0,0.565,0.542929,0.6175,0.23695,762.0,5085.0,5847.0,Spring
439.0,2012-03-14,1.0,1.0,3.0,0.0,3.0,1.0,1.0,0.5725,0.548617,0.507083,0.115062,997.0,5315.0,6312.0,Spring
440.0,2012-03-15,1.0,1.0,3.0,0.0,4.0,1.0,1.0,0.5575,0.532825,0.579583,0.149883,1005.0,5187.0,6192.0,Spring
441.0,2012-03-16,1.0,1.0,3.0,0.0,5.0,1.0,2.0,0.435833,0.436229,0.842083,0.113192,548.0,3830.0,4378.0,Spring
442.0,2012-03-17,1.0,1.0,3.0,0.0,6.0,0.0,2.0,0.514167,0.505046,0.755833,0.110704,2266.75,4681.0,7836.0,Spring
443.0,2012-03-18,1.0,1.0,3.0,0.0,0.0,0.0,2.0,0.4725,0.464,0.81,0.126883,2207.0,3685.0,5892.0,Spring
444.0,2012-03-19,1.0,1.0,3.0,0.0,1.0,1.0,1.0,0.545,0.532821,0.72875,0.162317,982.0,5171.0,6153.0,Spring
445.0,2012-03-20,1.0,1.0,3.0,0.0,2.0,1.0,1.0,0.560833,0.538533,0.807917,0.121271,1051.0,5042.0,6093.0,Spring
446.0,2012-03-21,2.0,1.0,3.0,0.0,3.0,1.0,2.0,0.531667,0.513258,0.82125,0.0895583,1122.0,5108.0,6230.0,Summer
447.0,2012-03-22,2.0,1.0,3.0,0.0,4.0,1.0,1.0,0.554167,0.531567,0.83125,0.117562,1334.0,5537.0,6871.0,Summer
448.0,2012-03-23,2.0,1.0,3.0,0.0,5.0,1.0,2.0,0.601667,0.570067,0.694167,0.1163,2266.75,5893.0,8362.0,Summer
449.0,2012-03-24,2.0,1.0,3.0,0.0,6.0,0.0,2.0,0.5025,0.486733,0.885417,0.192783,1033.0,2339.0,3372.0,Summer
450.0,2012-03-25,2.0,1.0,3.0,0.0,0.0,0.0,2.0,0.4375,0.437488,0.880833,0.220775,1532.0,3464.0,4996.0,Summer
451.0,2012-03-26,2.0,1.0,3.0,0.0,1.0,1.0,1.0,0.445833,0.43875,0.477917,0.38061125,795.0,4763.0,5558.0,Summer
452.0,2012-03-27,2.0,1.0,3.0,0.0,2.0,1.0,1.0,0.323333,0.315654,0.29,0.187192,531.0,4571.0,5102.0,Summer
453.0,2012-03-28,2.0,1.0,3.0,0.0,3.0,1.0,1.0,0.484167,0.47095,0.48125,0.291671,674.0,5024.0,5698.0,Summer
454.0,2012-03-29,2.0,1.0,3.0,0.0,4.0,1.0,1.0,0.494167,0.482304,0.439167,0.31965,834.0,5299.0,6133.0,Summer
455.0,2012-03-30,2.0,1.0,3.0,0.0,5.0,1.0,2.0,0.37,0.375621,0.580833,0.138067,796.0,4663.0,5459.0,Summer
456.0,2012-03-31,2.0,1.0,3.0,0.0,6.0,0.0,2.0,0.424167,0.421708,0.738333,0.250617,2266.75,3934.0,6235.0,Summer
457.0,2012-04-01,2.0,1.0,4.0,0.0,0.0,0.0,2.0,0.425833,0.417287,0.67625,0.172267,2266.75,3694.0,6041.0,Summer
458.0,2012-04-02,2.0,1.0,4.0,0.0,1.0,1.0,1.0,0.433913,0.427513,0.504348,0.312139,1208.0,4728.0,5936.0,Summer
459.0,2012-04-03,2.0,1.0,4.0,0.0,2.0,1.0,1.0,0.466667,0.461483,0.396667,0.100133,1348.0,5424.0,6772.0,Summer
460.0,2012-04-04,2.0,1.0,4.0,0.0,3.0,1.0,1.0,0.541667,0.53345,0.469583,0.180975,1058.0,5378.0,6436.0,Summer
461.0,2012-04-05,2.0,1.0,4.0,0.0,4.0,1.0,1.0,0.435,0.431163,0.374167,0.219529,1192.0,5265.0,6457.0,Summer
462.0,2012-04-06,2.0,1.0,4.0,0.0,5.0,1.0,1.0,0.403333,0.390767,0.377083,0.300388,1807.0,4653.0,6460.0,Summer
463.0,2012-04-07,2.0,1.0,4.0,0.0,6.0,0.0,1.0,0.4375,0.426129,0.254167,0.274871,2266.75,3605.0,6857.0,Summer
464.0,2012-04-08,2.0,1.0,4.0,0.0,0.0,0.0,1.0,0.5,0.492425,0.275833,0.232596,2230.0,2939.0,5169.0,Summer
465.0,2012-04-09,2.0,1.0,4.0,0.0,1.0,1.0,1.0,0.489167,0.476638,0.3175,0.358196,905.0,4680.0,5585.0,Summer
466.0,2012-04-10,2.0,1.0,4.0,0.0,2.0,1.0,1.0,0.446667,0.436233,0.435,0.249375,819.0,5099.0,5918.0,Summer
467.0,2012-04-11,2.0,1.0,4.0,0.0,3.0,1.0,1.0,0.348696,0.337274,0.469565,0.295274,482.0,4380.0,4862.0,Summer
468.0,2012-04-12,2.0,1.0,4.0,0.0,4.0,1.0,1.0,0.3975,0.387604,0.46625,0.290429,663.0,4746.0,5409.0,Summer
469.0,2012-04-13,2.0,1.0,4.0,0.0,5.0,1.0,1.0,0.4425,0.431808,0.408333,0.155471,1252.0,5146.0,6398.0,Summer
470.0,2012-04-14,2.0,1.0,4.0,0.0,6.0,0.0,1.0,0.495,0.487996,0.502917,0.190917,2266.75,4665.0,7460.0,Summer
471.0,2012-04-15,2.0,1.0,4.0,0.0,0.0,0.0,1.0,0.606667,0.573875,0.507917,0.225129,2266.75,4286.0,7132.0,Summer
472.0,2012-04-16,2.0,1.0,4.0,0.0,1.0,0.0,1.0,0.664167,0.614925,0.561667,0.284829,1198.0,5172.0,6370.0,Summer
473.0,2012-04-17,2.0,1.0,4.0,0.0,2.0,1.0,1.0,0.608333,0.598487,0.390417,0.273629,989.0,5702.0,6691.0,Summer
474.0,2012-04-18,2.0,1.0,4.0,0.0,3.0,1.0,2.0,0.463333,0.457038,0.569167,0.167912,347.0,4020.0,4367.0,Summer
475.0,2012-04-19,2.0,1.0,4.0,0.0,4.0,1.0,1.0,0.498333,0.493046,0.6125,0.0659292,846.0,5719.0,6565.0,Summer
476.0,2012-04-20,2.0,1.0,4.0,0.0,5.0,1.0,1.0,0.526667,0.515775,0.694583,0.149871,1340.0,5950.0,7290.0,Summer
477.0,2012-04-21,2.0,1.0,4.0,0.0,6.0,0.0,1.0,0.57,0.542921,0.682917,0.283587,2266.75,4083.0,6624.0,Summer
478.0,2012-04-22,2.0,1.0,4.0,0.0,0.0,0.0,3.0,0.396667,0.389504,0.835417,0.344546,120.0,907.0,1027.0,Summer
479.0,2012-04-23,2.0,1.0,4.0,0.0,1.0,1.0,2.0,0.321667,0.301125,0.766667,0.303496,195.0,3019.0,3214.0,Summer
480.0,2012-04-24,2.0,1.0,4.0,0.0,2.0,1.0,1.0,0.413333,0.405283,0.454167,0.249383,518.0,5115.0,5633.0,Summer
481.0,2012-04-25,2.0,1.0,4.0,0.0,3.0,1.0,1.0,0.476667,0.470317,0.427917,0.118792,655.0,5541.0,6196.0,Summer
482.0,2012-04-26,2.0,1.0,4.0,0.0,4.0,1.0,2.0,0.498333,0.483583,0.756667,0.176625,475.0,4551.0,5026.0,Summer
483.0,2012-04-27,2.0,1.0,4.0,0.0,5.0,1.0,1.0,0.4575,0.452637,0.400833,0.347633,1014.0,5219.0,6233.0,Summer
484.0,2012-04-28,2.0,1.0,4.0,0.0,6.0,0.0,2.0,0.376667,0.377504,0.489583,0.129975,1120.0,3100.0,4220.0,Summer
485.0,2012-04-29,2.0,1.0,4.0,0.0,0.0,0.0,1.0,0.458333,0.450121,0.587083,0.116908,2229.0,4075.0,6304.0,Summer
486.0,2012-04-30,2.0,1.0,4.0,0.0,1.0,1.0,2.0,0.464167,0.457696,0.57,0.171638,665.0,4907.0,5572.0,Summer
487.0,2012-05-01,2.0,1.0,5.0,0.0,2.0,1.0,2.0,0.613333,0.577021,0.659583,0.156096,653.0,5087.0,5740.0,Summer
488.0,2012-05-02,2.0,1.0,5.0,0.0,3.0,1.0,1.0,0.564167,0.537896,0.797083,0.138058,667.0,5502.0,6169.0,Summer
489.0,2012-05-03,2.0,1.0,5.0,0.0,4.0,1.0,2.0,0.56,0.537242,0.768333,0.133696,764.0,5657.0,6421.0,Summer
490.0,2012-05-04,2.0,1.0,5.0,0.0,5.0,1.0,1.0,0.6275,0.590917,0.735417,0.162938,1069.0,5227.0,6296.0,Summer
491.0,2012-05-05,2.0,1.0,5.0,0.0,6.0,0.0,2.0,0.621667,0.584608,0.756667,0.152992,2266.75,4387.0,6883.0,Summer
492.0,2012-05-06,2.0,1.0,5.0,0.0,0.0,0.0,2.0,0.5625,0.546737,0.74,0.149879,2135.0,4224.0,6359.0,Summer
493.0,2012-05-07,2.0,1.0,5.0,0.0,1.0,1.0,2.0,0.5375,0.527142,0.664167,0.230721,1008.0,5265.0,6273.0,Summer
494.0,2012-05-08,2.0,1.0,5.0,0.0,2.0,1.0,2.0,0.581667,0.557471,0.685833,0.296029,738.0,4990.0,5728.0,Summer
495.0,2012-05-09,2.0,1.0,5.0,0.0,3.0,1.0,2.0,0.575,0.553025,0.744167,0.216412,620.0,4097.0,4717.0,Summer
496.0,2012-05-10,2.0,1.0,5.0,0.0,4.0,1.0,1.0,0.505833,0.491783,0.552083,0.314063,1026.0,5546.0,6572.0,Summer
497.0,2012-05-11,2.0,1.0,5.0,0.0,5.0,1.0,1.0,0.533333,0.520833,0.360417,0.236937,1319.0,5711.0,7030.0,Summer
498.0,2012-05-12,2.0,1.0,5.0,0.0,6.0,0.0,1.0,0.564167,0.544817,0.480417,0.123133,2266.75,4807.0,7429.0,Summer
499.0,2012-05-13,2.0,1.0,5.0,0.0,0.0,0.0,1.0,0.6125,0.585238,0.57625,0.225117,2172.0,3946.0,6118.0,Summer
500.0,2012-05-14,2.0,1.0,5.0,0.0,1.0,1.0,2.0,0.573333,0.5499,0.789583,0.212692,342.0,2501.0,2843.0,Summer
501.0,2012-05-15,2.0,1.0,5.0,0.0,2.0,1.0,2.0,0.611667,0.576404,0.794583,0.147392,625.0,4490.0,5115.0,Summer
502.0,2012-05-16,2.0,1.0,5.0,0.0,3.0,1.0,1.0,0.636667,0.595975,0.697917,0.122512,991.0,6433.0,7424.0,Summer
503.0,2012-05-17,2.0,1.0,5.0,0.0,4.0,1.0,1.0,0.593333,0.572613,0.52,0.229475,1242.0,6142.0,7384.0,Summer
504.0,2012-05-18,2.0,1.0,5.0,0.0,5.0,1.0,1.0,0.564167,0.551121,0.523333,0.136817,1521.0,6118.0,7639.0,Summer
505.0,2012-05-19,2.0,1.0,5.0,0.0,6.0,0.0,1.0,0.6,0.566908,0.45625,0.083975,2266.75,4884.0,8294.0,Summer
506.0,2012-05-20,2.0,1.0,5.0,0.0,0.0,0.0,1.0,0.620833,0.583967,0.530417,0.254367,2266.75,4425.0,7129.0,Summer
507.0,2012-05-21,2.0,1.0,5.0,0.0,1.0,1.0,2.0,0.598333,0.565667,0.81125,0.233204,630.0,3729.0,4359.0,Summer
508.0,2012-05-22,2.0,1.0,5.0,0.0,2.0,1.0,2.0,0.615,0.580825,0.765833,0.118167,819.0,5254.0,6073.0,Summer
509.0,2012-05-23,2.0,1.0,5.0,0.0,3.0,1.0,2.0,0.621667,0.584612,0.774583,0.102,766.0,4494.0,5260.0,Summer
510.0,2012-05-24,2.0,1.0,5.0,0.0,4.0,1.0,1.0,0.655,0.6067,0.716667,0.172896,1059.0,5711.0,6770.0,Summer
511.0,2012-05-25,2.0,1.0,5.0,0.0,5.0,1.0,1.0,0.68,0.627529,0.747083,0.14055,1417.0,5317.0,6734.0,Summer
512.0,2012-05-26,2.0,1.0,5.0,0.0,6.0,0.0,1.0,0.6925,0.642696,0.7325,0.198992,2266.75,3681.0,6536.0,Summer
513.0,2012-05-27,2.0,1.0,5.0,0.0,0.0,0.0,1.0,0.69,0.641425,0.697083,0.215171,2266.75,3308.0,6591.0,Summer
514.0,2012-05-28,2.0,1.0,5.0,0.0,1.0,0.0,1.0,0.7125,0.6793,0.67625,0.196521,2266.75,3486.0,6043.0,Summer
515.0,2012-05-29,2.0,1.0,5.0,0.0,2.0,1.0,1.0,0.7225,0.672992,0.684583,0.2954,880.0,4863.0,5743.0,Summer
516.0,2012-05-30,2.0,1.0,5.0,0.0,3.0,1.0,2.0,0.656667,0.611129,0.67,0.134329,745.0,6110.0,6855.0,Summer
517.0,2012-05-31,2.0,1.0,5.0,0.0,4.0,1.0,1.0,0.68,0.631329,0.492917,0.195279,1100.0,6238.0,7338.0,Summer
518.0,2012-06-01,2.0,1.0,6.0,0.0,5.0,1.0,2.0,0.654167,0.607962,0.755417,0.237563,533.0,3594.0,4127.0,Summer
519.0,2012-06-02,2.0,1.0,6.0,0.0,6.0,0.0,1.0,0.583333,0.566288,0.549167,0.186562,2266.75,5325.0,8120.0,Summer
520.0,2012-06-03,2.0,1.0,6.0,0.0,0.0,0.0,1.0,0.6025,0.575133,0.493333,0.184087,2266.75,5147.0,7641.0,Summer
521.0,2012-06-04,2.0,1.0,6.0,0.0,1.0,1.0,1.0,0.5975,0.578283,0.487083,0.284833,1071.0,5927.0,6998.0,Summer
522.0,2012-06-05,2.0,1.0,6.0,0.0,2.0,1.0,2.0,0.540833,0.525892,0.613333,0.209575,968.0,6033.0,7001.0,Summer
523.0,2012-06-06,2.0,1.0,6.0,0.0,3.0,1.0,1.0,0.554167,0.542292,0.61125,0.077125,1027.0,6028.0,7055.0,Summer
524.0,2012-06-07,2.0,1.0,6.0,0.0,4.0,1.0,1.0,0.6025,0.569442,0.567083,0.15735,1038.0,6456.0,7494.0,Summer
525.0,2012-06-08,2.0,1.0,6.0,0.0,5.0,1.0,1.0,0.649167,0.597862,0.467917,0.175383,1488.0,6248.0,7736.0,Summer
526.0,2012-06-09,2.0,1.0,6.0,0.0,6.0,0.0,1.0,0.710833,0.648367,0.437083,0.144287,2266.75,4790.0,7498.0,Summer
527.0,2012-06-10,2.0,1.0,6.0,0.0,0.0,0.0,1.0,0.726667,0.663517,0.538333,0.133721,2224.0,4374.0,6598.0,Summer
528.0,2012-06-11,2.0,1.0,6.0,0.0,1.0,1.0,2.0,0.720833,0.659721,0.587917,0.207713,1017.0,5647.0,6664.0,Summer
529.0,2012-06-12,2.0,1.0,6.0,0.0,2.0,1.0,2.0,0.653333,0.597875,0.833333,0.214546,477.0,4495.0,4972.0,Summer
530.0,2012-06-13,2.0,1.0,6.0,0.0,3.0,1.0,1.0,0.655833,0.611117,0.582083,0.343279,1173.0,6248.0,7421.0,Summer
531.0,2012-06-14,2.0,1.0,6.0,0.0,4.0,1.0,1.0,0.648333,0.624383,0.569583,0.253733,1180.0,6183.0,7363.0,Summer
532.0,2012-06-15,2.0,1.0,6.0,0.0,5.0,1.0,1.0,0.639167,0.599754,0.589583,0.176617,1563.0,6102.0,7665.0,Summer
533.0,2012-06-16,2.0,1.0,6.0,0.0,6.0,0.0,1.0,0.631667,0.594708,0.504167,0.166667,2266.75,4739.0,7702.0,Summer
534.0,2012-06-17,2.0,1.0,6.0,0.0,0.0,0.0,1.0,0.5925,0.571975,0.59875,0.144904,2266.75,4344.0,6978.0,Summer
535.0,2012-06-18,2.0,1.0,6.0,0.0,1.0,1.0,2.0,0.568333,0.544842,0.777917,0.174746,653.0,4446.0,5099.0,Summer
536.0,2012-06-19,2.0,1.0,6.0,0.0,2.0,1.0,1.0,0.688333,0.654692,0.69,0.148017,968.0,5857.0,6825.0,Summer
537.0,2012-06-20,2.0,1.0,6.0,0.0,3.0,1.0,1.0,0.7825,0.720975,0.592083,0.113812,872.0,5339.0,6211.0,Summer
538.0,2012-06-21,3.0,1.0,6.0,0.0,4.0,1.0,1.0,0.805833,0.752542,0.567917,0.118787,778.0,5127.0,5905.0,Fall
539.0,2012-06-22,3.0,1.0,6.0,0.0,5.0,1.0,1.0,0.7775,0.724121,0.57375,0.182842,964.0,4859.0,5823.0,Fall
540.0,2012-06-23,3.0,1.0,6.0,0.0,6.0,0.0,1.0,0.731667,0.652792,0.534583,0.179721,2266.75,4801.0,7458.0,Fall
541.0,2012-06-24,3.0,1.0,6.0,0.0,0.0,0.0,1.0,0.743333,0.674254,0.479167,0.145525,2266.75,4340.0,6891.0,Fall
542.0,2012-06-25,3.0,1.0,6.0,0.0,1.0,1.0,1.0,0.715833,0.654042,0.504167,0.300383,1139.0,5640.0,6779.0,Fall
543.0,2012-06-26,3.0,1.0,6.0,0.0,2.0,1.0,1.0,0.630833,0.594704,0.373333,0.347642,1077.0,6365.0,7442.0,Fall
544.0,2012-06-27,3.0,1.0,6.0,0.0,3.0,1.0,1.0,0.6975,0.640792,0.36,0.271775,1077.0,6258.0,7335.0,Fall
545.0,2012-06-28,3.0,1.0,6.0,0.0,4.0,1.0,1.0,0.749167,0.675512,0.4225,0.17165,921.0,5958.0,6879.0,Fall
546.0,2012-06-29,3.0,1.0,6.0,0.0,5.0,1.0,1.0,0.834167,0.786613,0.48875,0.165417,829.0,4634.0,5463.0,Fall
547.0,2012-06-30,3.0,1.0,6.0,0.0,6.0,0.0,1.0,0.765,0.687508,0.60125,0.161071,1455.0,4232.0,5687.0,Fall
548.0,2012-07-01,3.0,1.0,7.0,0.0,0.0,0.0,1.0,0.815833,0.750629,0.51875,0.168529,1421.0,4110.0,5531.0,Fall
549.0,2012-07-02,3.0,1.0,7.0,0.0,1.0,1.0,1.0,0.781667,0.702038,0.447083,0.195267,904.0,5323.0,6227.0,Fall
550.0,2012-07-03,3.0,1.0,7.0,0.0,2.0,1.0,1.0,0.780833,0.70265,0.492083,0.126237,1052.0,5608.0,6660.0,Fall
551.0,2012-07-04,3.0,1.0,7.0,0.0,3.0,0.0,1.0,0.789167,0.732337,0.53875,0.13495,2266.75,4841.0,7403.0,Fall
552.0,2012-07-05,3.0,1.0,7.0,0.0,4.0,1.0,1.0,0.8275,0.761367,0.457917,0.194029,1405.0,4836.0,6241.0,Fall
553.0,2012-07-06,3.0,1.0,7.0,0.0,5.0,1.0,1.0,0.828333,0.752533,0.450833,0.146142,1366.0,4841.0,6207.0,Fall
554.0,2012-07-07,3.0,1.0,7.0,0.0,6.0,0.0,1.0,0.861667,0.804913,0.492083,0.163554,1448.0,3392.0,4840.0,Fall
555.0,2012-07-08,3.0,1.0,7.0,0.0,0.0,0.0,1.0,0.8225,0.790396,0.57375,0.125629,1203.0,3469.0,4672.0,Fall
556.0,2012-07-09,3.0,1.0,7.0,0.0,1.0,1.0,2.0,0.710833,0.654054,0.683333,0.180975,998.0,5571.0,6569.0,Fall
557.0,2012-07-10,3.0,1.0,7.0,0.0,2.0,1.0,2.0,0.720833,0.664796,0.6675,0.151737,954.0,5336.0,6290.0,Fall
558.0,2012-07-11,3.0,1.0,7.0,0.0,3.0,1.0,1.0,0.716667,0.650271,0.633333,0.151733,975.0,6289.0,7264.0,Fall
559.0,2012-07-12,3.0,1.0,7.0,0.0,4.0,1.0,1.0,0.715833,0.654683,0.529583,0.146775,1032.0,6414.0,7446.0,Fall
560.0,2012-07-13,3.0,1.0,7.0,0.0,5.0,1.0,2.0,0.731667,0.667933,0.485833,0.08085,1511.0,5988.0,7499.0,Fall
561.0,2012-07-14,3.0,1.0,7.0,0.0,6.0,0.0,2.0,0.703333,0.666042,0.699167,0.143679,2266.75,4614.0,6969.0,Fall
562.0,2012-07-15,3.0,1.0,7.0,0.0,0.0,0.0,1.0,0.745833,0.705196,0.717917,0.166667,1920.0,4111.0,6031.0,Fall
563.0,2012-07-16,3.0,1.0,7.0,0.0,1.0,1.0,1.0,0.763333,0.724125,0.645,0.164187,1088.0,5742.0,6830.0,Fall
564.0,2012-07-17,3.0,1.0,7.0,0.0,2.0,1.0,1.0,0.818333,0.755683,0.505833,0.114429,921.0,5865.0,6786.0,Fall
565.0,2012-07-18,3.0,1.0,7.0,0.0,3.0,1.0,1.0,0.793333,0.745583,0.577083,0.137442,799.0,4914.0,5713.0,Fall
566.0,2012-07-19,3.0,1.0,7.0,0.0,4.0,1.0,1.0,0.77,0.714642,0.600417,0.165429,888.0,5703.0,6591.0,Fall
567.0,2012-07-20,3.0,1.0,7.0,0.0,5.0,1.0,2.0,0.665833,0.613025,0.844167,0.208967,747.0,5123.0,5870.0,Fall
568.0,2012-07-21,3.0,1.0,7.0,0.0,6.0,0.0,3.0,0.595833,0.549912,0.865417,0.2133,1264.0,3195.0,4459.0,Fall
569.0,2012-07-22,3.0,1.0,7.0,0.0,0.0,0.0,2.0,0.6675,0.623125,0.7625,0.0939208,2266.75,4866.0,7410.0,Fall
570.0,2012-07-23,3.0,1.0,7.0,0.0,1.0,1.0,1.0,0.741667,0.690017,0.694167,0.138683,1135.0,5831.0,6966.0,Fall
571.0,2012-07-24,3.0,1.0,7.0,0.0,2.0,1.0,1.0,0.750833,0.70645,0.655,0.211454,1140.0,6452.0,7592.0,Fall
572.0,2012-07-25,3.0,1.0,7.0,0.0,3.0,1.0,1.0,0.724167,0.654054,0.45,0.1648,1383.0,6790.0,8173.0,Fall
573.0,2012-07-26,3.0,1.0,7.0,0.0,4.0,1.0,1.0,0.776667,0.739263,0.596667,0.284813,1036.0,5825.0,6861.0,Fall
574.0,2012-07-27,3.0,1.0,7.0,0.0,5.0,1.0,1.0,0.781667,0.734217,0.594583,0.152992,1259.0,5645.0,6904.0,Fall
575.0,2012-07-28,3.0,1.0,7.0,0.0,6.0,0.0,1.0,0.755833,0.697604,0.613333,0.15735,2234.0,4451.0,6685.0,Fall
576.0,2012-07-29,3.0,1.0,7.0,0.0,0.0,0.0,1.0,0.721667,0.667933,0.62375,0.170396,2153.0,4444.0,6597.0,Fall
577.0,2012-07-30,3.0,1.0,7.0,0.0,1.0,1.0,1.0,0.730833,0.684987,0.66875,0.153617,1040.0,6065.0,7105.0,Fall
578.0,2012-07-31,3.0,1.0,7.0,0.0,2.0,1.0,1.0,0.713333,0.662896,0.704167,0.165425,968.0,6248.0,7216.0,Fall
579.0,2012-08-01,3.0,1.0,8.0,0.0,3.0,1.0,1.0,0.7175,0.667308,0.6775,0.141179,1074.0,6506.0,7580.0,Fall
580.0,2012-08-02,3.0,1.0,8.0,0.0,4.0,1.0,1.0,0.7525,0.707088,0.659583,0.129354,983.0,6278.0,7261.0,Fall
581.0,2012-08-03,3.0,1.0,8.0,0.0,5.0,1.0,2.0,0.765833,0.722867,0.6425,0.215792,1328.0,5847.0,7175.0,Fall
582.0,2012-08-04,3.0,1.0,8.0,0.0,6.0,0.0,1.0,0.793333,0.751267,0.613333,0.257458,2266.75,4479.0,6824.0,Fall
583.0,2012-08-05,3.0,1.0,8.0,0.0,0.0,0.0,1.0,0.769167,0.731079,0.6525,0.290421,1707.0,3757.0,5464.0,Fall
584.0,2012-08-06,3.0,1.0,8.0,0.0,1.0,1.0,2.0,0.7525,0.710246,0.654167,0.129354,1233.0,5780.0,7013.0,Fall
585.0,2012-08-07,3.0,1.0,8.0,0.0,2.0,1.0,2.0,0.735833,0.697621,0.70375,0.116908,1278.0,5995.0,7273.0,Fall
586.0,2012-08-08,3.0,1.0,8.0,0.0,3.0,1.0,2.0,0.75,0.707717,0.672917,0.1107,1263.0,6271.0,7534.0,Fall
587.0,2012-08-09,3.0,1.0,8.0,0.0,4.0,1.0,1.0,0.755833,0.699508,0.620417,0.1561,1196.0,6090.0,7286.0,Fall
588.0,2012-08-10,3.0,1.0,8.0,0.0,5.0,1.0,2.0,0.715833,0.667942,0.715833,0.238813,1065.0,4721.0,5786.0,Fall
589.0,2012-08-11,3.0,1.0,8.0,0.0,6.0,0.0,2.0,0.6925,0.638267,0.732917,0.206479,2247.0,4052.0,6299.0,Fall
590.0,2012-08-12,3.0,1.0,8.0,0.0,0.0,0.0,1.0,0.700833,0.644579,0.530417,0.122512,2182.0,4362.0,6544.0,Fall
591.0,2012-08-13,3.0,1.0,8.0,0.0,1.0,1.0,1.0,0.720833,0.662254,0.545417,0.136212,1207.0,5676.0,6883.0,Fall
592.0,2012-08-14,3.0,1.0,8.0,0.0,2.0,1.0,1.0,0.726667,0.676779,0.686667,0.169158,1128.0,5656.0,6784.0,Fall
593.0,2012-08-15,3.0,1.0,8.0,0.0,3.0,1.0,1.0,0.706667,0.654037,0.619583,0.169771,1198.0,6149.0,7347.0,Fall
594.0,2012-08-16,3.0,1.0,8.0,0.0,4.0,1.0,1.0,0.719167,0.654688,0.519167,0.141796,1338.0,6267.0,7605.0,Fall
595.0,2012-08-17,3.0,1.0,8.0,0.0,5.0,1.0,1.0,0.723333,0.2424,0.570833,0.231354,1483.0,5665.0,7148.0,Fall
596.0,2012-08-18,3.0,1.0,8.0,0.0,6.0,0.0,1.0,0.678333,0.618071,0.603333,0.177867,2266.75,5038.0,7865.0,Fall
597.0,2012-08-19,3.0,1.0,8.0,0.0,0.0,0.0,2.0,0.635833,0.603554,0.711667,0.08645,1208.0,3341.0,4549.0,Fall
598.0,2012-08-20,3.0,1.0,8.0,0.0,1.0,1.0,2.0,0.635833,0.595967,0.734167,0.129979,1026.0,5504.0,6530.0,Fall
599.0,2012-08-21,3.0,1.0,8.0,0.0,2.0,1.0,1.0,0.649167,0.601025,0.67375,0.0727708,1081.0,5925.0,7006.0,Fall
600.0,2012-08-22,3.0,1.0,8.0,0.0,3.0,1.0,1.0,0.6675,0.621854,0.677083,0.0702833,1094.0,6281.0,7375.0,Fall
601.0,2012-08-23,3.0,1.0,8.0,0.0,4.0,1.0,1.0,0.695833,0.637008,0.635833,0.0845958,1363.0,6402.0,7765.0,Fall
602.0,2012-08-24,3.0,1.0,8.0,0.0,5.0,1.0,2.0,0.7025,0.6471,0.615,0.0721458,1325.0,6257.0,7582.0,Fall
603.0,2012-08-25,3.0,1.0,8.0,0.0,6.0,0.0,2.0,0.661667,0.618696,0.712917,0.244408,1829.0,4224.0,6053.0,Fall
604.0,2012-08-26,3.0,1.0,8.0,0.0,0.0,0.0,2.0,0.653333,0.595996,0.845833,0.228858,1483.0,3772.0,5255.0,Fall
605.0,2012-08-27,3.0,1.0,8.0,0.0,1.0,1.0,1.0,0.703333,0.654688,0.730417,0.128733,989.0,5928.0,6917.0,Fall
606.0,2012-08-28,3.0,1.0,8.0,0.0,2.0,1.0,1.0,0.728333,0.66605,0.62,0.190925,935.0,6105.0,7040.0,Fall
607.0,2012-08-29,3.0,1.0,8.0,0.0,3.0,1.0,1.0,0.685,0.635733,0.552083,0.112562,1177.0,6520.0,7697.0,Fall
608.0,2012-08-30,3.0,1.0,8.0,0.0,4.0,1.0,1.0,0.706667,0.652779,0.590417,0.0771167,1172.0,6541.0,7713.0,Fall
609.0,2012-08-31,3.0,1.0,8.0,0.0,5.0,1.0,1.0,0.764167,0.6894,0.5875,0.168533,1433.0,5917.0,7350.0,Fall
610.0,2012-09-01,3.0,1.0,9.0,0.0,6.0,0.0,2.0,0.753333,0.702654,0.638333,0.113187,2266.75,3788.0,6140.0,Fall
611.0,2012-09-02,3.0,1.0,9.0,0.0,0.0,0.0,2.0,0.696667,0.649,0.815,0.0640708,2266.75,3197.0,5810.0,Fall
612.0,2012-09-03,3.0,1.0,9.0,0.0,1.0,0.0,1.0,0.7075,0.661629,0.790833,0.151121,1965.0,4069.0,6034.0,Fall
613.0,2012-09-04,3.0,1.0,9.0,0.0,2.0,1.0,1.0,0.725833,0.686888,0.755,0.236321,867.0,5997.0,6864.0,Fall
614.0,2012-09-05,3.0,1.0,9.0,0.0,3.0,1.0,1.0,0.736667,0.708983,0.74125,0.187808,832.0,6280.0,7112.0,Fall
615.0,2012-09-06,3.0,1.0,9.0,0.0,4.0,1.0,2.0,0.696667,0.655329,0.810417,0.142421,611.0,5592.0,6203.0,Fall
616.0,2012-09-07,3.0,1.0,9.0,0.0,5.0,1.0,1.0,0.703333,0.657204,0.73625,0.171646,1045.0,6459.0,7504.0,Fall
617.0,2012-09-08,3.0,1.0,9.0,0.0,6.0,0.0,2.0,0.659167,0.611121,0.799167,0.281104,1557.0,4419.0,5976.0,Fall
618.0,2012-09-09,3.0,1.0,9.0,0.0,0.0,0.0,1.0,0.61,0.578925,0.5475,0.224496,2266.75,5657.0,8227.0,Fall
619.0,2012-09-10,3.0,1.0,9.0,0.0,1.0,1.0,1.0,0.583333,0.565654,0.50375,0.258713,1118.0,6407.0,7525.0,Fall
620.0,2012-09-11,3.0,1.0,9.0,0.0,2.0,1.0,1.0,0.5775,0.554292,0.52,0.0920542,1070.0,6697.0,7767.0,Fall
621.0,2012-09-12,3.0,1.0,9.0,0.0,3.0,1.0,1.0,0.599167,0.570075,0.577083,0.131846,1050.0,6820.0,7870.0,Fall
622.0,2012-09-13,3.0,1.0,9.0,0.0,4.0,1.0,1.0,0.6125,0.579558,0.637083,0.0827208,1054.0,6750.0,7804.0,Fall
623.0,2012-09-14,3.0,1.0,9.0,0.0,5.0,1.0,1.0,0.633333,0.594083,0.6725,0.103863,1379.0,6630.0,8009.0,Fall
624.0,2012-09-15,3.0,1.0,9.0,0.0,6.0,0.0,1.0,0.608333,0.585867,0.501667,0.247521,2266.75,5554.0,8714.0,Fall
625.0,2012-09-16,3.0,1.0,9.0,0.0,0.0,0.0,1.0,0.58,0.563125,0.57,0.0901833,2166.0,5167.0,7333.0,Fall
626.0,2012-09-17,3.0,1.0,9.0,0.0,1.0,1.0,2.0,0.580833,0.55305,0.734583,0.151742,1022.0,5847.0,6869.0,Fall
627.0,2012-09-18,3.0,1.0,9.0,0.0,2.0,1.0,2.0,0.623333,0.565067,0.8725,0.357587,371.0,3702.0,4073.0,Fall
628.0,2012-09-19,3.0,1.0,9.0,0.0,3.0,1.0,1.0,0.5525,0.540404,0.536667,0.215175,788.0,6803.0,7591.0,Fall
629.0,2012-09-20,3.0,1.0,9.0,0.0,4.0,1.0,1.0,0.546667,0.532192,0.618333,0.118167,939.0,6781.0,7720.0,Fall
630.0,2012-09-21,3.0,1.0,9.0,0.0,5.0,1.0,1.0,0.599167,0.571971,0.66875,0.154229,1250.0,6917.0,8167.0,Fall
631.0,2012-09-22,3.0,1.0,9.0,0.0,6.0,0.0,1.0,0.65,0.610488,0.646667,0.283583,2266.75,5883.0,8395.0,Fall
632.0,2012-09-23,4.0,1.0,9.0,0.0,0.0,0.0,1.0,0.529167,0.518933,0.467083,0.223258,2266.75,5453.0,7907.0,Winter
633.0,2012-09-24,4.0,1.0,9.0,0.0,1.0,1.0,1.0,0.514167,0.502513,0.492917,0.142404,1001.0,6435.0,7436.0,Winter
634.0,2012-09-25,4.0,1.0,9.0,0.0,2.0,1.0,1.0,0.55,0.544179,0.57,0.236321,845.0,6693.0,7538.0,Winter
635.0,2012-09-26,4.0,1.0,9.0,0.0,3.0,1.0,1.0,0.635,0.596613,0.630833,0.2444,787.0,6946.0,7733.0,Winter
636.0,2012-09-27,4.0,1.0,9.0,0.0,4.0,1.0,2.0,0.65,0.607975,0.690833,0.134342,751.0,6642.0,7393.0,Winter
637.0,2012-09-28,4.0,1.0,9.0,0.0,5.0,1.0,2.0,0.619167,0.585863,0.69,0.164179,1045.0,6370.0,7415.0,Winter
638.0,2012-09-29,4.0,1.0,9.0,0.0,6.0,0.0,1.0,0.5425,0.530296,0.542917,0.227604,2266.75,5966.0,8555.0,Winter
639.0,2012-09-30,4.0,1.0,9.0,0.0,0.0,0.0,1.0,0.526667,0.517663,0.583333,0.134958,2015.0,4874.0,6889.0,Winter
640.0,2012-10-01,4.0,1.0,10.0,0.0,1.0,1.0,2.0,0.520833,0.512,0.649167,0.0908042,763.0,6015.0,6778.0,Winter
641.0,2012-10-02,4.0,1.0,10.0,0.0,2.0,1.0,3.0,0.590833,0.542333,0.871667,0.104475,315.0,4324.0,4639.0,Winter
642.0,2012-10-03,4.0,1.0,10.0,0.0,3.0,1.0,2.0,0.6575,0.599133,0.79375,0.0665458,728.0,6844.0,7572.0,Winter
643.0,2012-10-04,4.0,1.0,10.0,0.0,4.0,1.0,2.0,0.6575,0.607975,0.722917,0.117546,891.0,6437.0,7328.0,Winter
644.0,2012-10-05,4.0,1.0,10.0,0.0,5.0,1.0,1.0,0.615,0.580187,0.6275,0.10635,1516.0,6640.0,8156.0,Winter
645.0,2012-10-06,4.0,1.0,10.0,0.0,6.0,0.0,1.0,0.554167,0.538521,0.664167,0.268025,2266.75,4934.0,7965.0,Winter
646.0,2012-10-07,4.0,1.0,10.0,0.0,0.0,0.0,2.0,0.415833,0.419813,0.708333,0.141162,781.0,2729.0,3510.0,Winter
647.0,2012-10-08,4.0,1.0,10.0,0.0,1.0,0.0,2.0,0.383333,0.387608,0.709583,0.189679,874.0,4604.0,5478.0,Winter
648.0,2012-10-09,4.0,1.0,10.0,0.0,2.0,1.0,2.0,0.446667,0.438112,0.761667,0.1903,601.0,5791.0,6392.0,Winter
649.0,2012-10-10,4.0,1.0,10.0,0.0,3.0,1.0,1.0,0.514167,0.503142,0.630833,0.187821,780.0,6911.0,7691.0,Winter
650.0,2012-10-11,4.0,1.0,10.0,0.0,4.0,1.0,1.0,0.435,0.431167,0.463333,0.181596,834.0,6736.0,7570.0,Winter
651.0,2012-10-12,4.0,1.0,10.0,0.0,5.0,1.0,1.0,0.4375,0.433071,0.539167,0.235092,1060.0,6222.0,7282.0,Winter
652.0,2012-10-13,4.0,1.0,10.0,0.0,6.0,0.0,1.0,0.393333,0.391396,0.494583,0.146142,2252.0,4857.0,7109.0,Winter
653.0,2012-10-14,4.0,1.0,10.0,0.0,0.0,0.0,1.0,0.521667,0.508204,0.640417,0.278612,2080.0,4559.0,6639.0,Winter
654.0,2012-10-15,4.0,1.0,10.0,0.0,1.0,1.0,2.0,0.561667,0.53915,0.7075,0.296037,760.0,5115.0,5875.0,Winter
655.0,2012-10-16,4.0,1.0,10.0,0.0,2.0,1.0,1.0,0.468333,0.460846,0.558333,0.182221,922.0,6612.0,7534.0,Winter
656.0,2012-10-17,4.0,1.0,10.0,0.0,3.0,1.0,1.0,0.455833,0.450108,0.692917,0.101371,979.0,6482.0,7461.0,Winter
657.0,2012-10-18,4.0,1.0,10.0,0.0,4.0,1.0,2.0,0.5225,0.512625,0.728333,0.236937,1008.0,6501.0,7509.0,Winter
658.0,2012-10-19,4.0,1.0,10.0,0.0,5.0,1.0,2.0,0.563333,0.537896,0.815,0.134954,753.0,4671.0,5424.0,Winter
659.0,2012-10-20,4.0,1.0,10.0,0.0,6.0,0.0,1.0,0.484167,0.472842,0.572917,0.117537,2266.75,5284.0,8090.0,Winter
660.0,2012-10-21,4.0,1.0,10.0,0.0,0.0,0.0,1.0,0.464167,0.456429,0.51,0.166054,2132.0,4692.0,6824.0,Winter
661.0,2012-10-22,4.0,1.0,10.0,0.0,1.0,1.0,1.0,0.4875,0.482942,0.568333,0.0814833,830.0,6228.0,7058.0,Winter
662.0,2012-10-23,4.0,1.0,10.0,0.0,2.0,1.0,1.0,0.544167,0.530304,0.641667,0.0945458,841.0,6625.0,7466.0,Winter
663.0,2012-10-24,4.0,1.0,10.0,0.0,3.0,1.0,1.0,0.5875,0.558721,0.63625,0.0727792,795.0,6898.0,7693.0,Winter
664.0,2012-10-25,4.0,1.0,10.0,0.0,4.0,1.0,2.0,0.55,0.529688,0.800417,0.124375,875.0,6484.0,7359.0,Winter
665.0,2012-10-26,4.0,1.0,10.0,0.0,5.0,1.0,2.0,0.545833,0.52275,0.807083,0.132467,1182.0,6262.0,7444.0,Winter
666.0,2012-10-27,4.0,1.0,10.0,0.0,6.0,0.0,2.0,0.53,0.515133,0.72,0.235692,2266.75,5209.0,7852.0,Winter
667.0,2012-10-28,4.0,1.0,10.0,0.0,0.0,0.0,2.0,0.4775,0.467771,0.694583,0.38061125,998.0,3461.0,4459.0,Winter
668.0,2012-10-29,4.0,1.0,10.0,0.0,1.0,1.0,3.0,0.44,0.4394,0.88,0.3582,2.0,20.0,22.0,Winter
669.0,2012-10-30,4.0,1.0,10.0,0.0,2.0,1.0,2.0,0.318182,0.309909,0.825455,0.213009,87.0,1009.0,1096.0,Winter
670.0,2012-10-31,4.0,1.0,10.0,0.0,3.0,1.0,2.0,0.3575,0.3611,0.666667,0.166667,419.0,5147.0,5566.0,Winter
671.0,2012-11-01,4.0,1.0,11.0,0.0,4.0,1.0,2.0,0.365833,0.369942,0.581667,0.157346,466.0,5520.0,5986.0,Winter
672.0,2012-11-02,4.0,1.0,11.0,0.0,5.0,1.0,1.0,0.355,0.356042,0.522083,0.266175,618.0,5229.0,5847.0,Winter
673.0,2012-11-03,4.0,1.0,11.0,0.0,6.0,0.0,2.0,0.343333,0.323846,0.49125,0.270529,1029.0,4109.0,5138.0,Winter
674.0,2012-11-04,4.0,1.0,11.0,0.0,0.0,0.0,1.0,0.325833,0.329538,0.532917,0.179108,1201.0,3906.0,5107.0,Winter
675.0,2012-11-05,4.0,1.0,11.0,0.0,1.0,1.0,1.0,0.319167,0.308075,0.494167,0.236325,378.0,4881.0,5259.0,Winter
676.0,2012-11-06,4.0,1.0,11.0,0.0,2.0,1.0,1.0,0.280833,0.281567,0.567083,0.173513,466.0,5220.0,5686.0,Winter
677.0,2012-11-07,4.0,1.0,11.0,0.0,3.0,1.0,2.0,0.295833,0.274621,0.5475,0.304108,326.0,4709.0,5035.0,Winter
678.0,2012-11-08,4.0,1.0,11.0,0.0,4.0,1.0,1.0,0.352174,0.341891,0.333478,0.347835,340.0,4975.0,5315.0,Winter
679.0,2012-11-09,4.0,1.0,11.0,0.0,5.0,1.0,1.0,0.361667,0.355413,0.540833,0.214558,709.0,5283.0,5992.0,Winter
680.0,2012-11-10,4.0,1.0,11.0,0.0,6.0,0.0,1.0,0.389167,0.393937,0.645417,0.0578458,2090.0,4446.0,6536.0,Winter
681.0,2012-11-11,4.0,1.0,11.0,0.0,0.0,0.0,1.0,0.420833,0.421713,0.659167,0.1275,2266.75,4562.0,6852.0,Winter
682.0,2012-11-12,4.0,1.0,11.0,0.0,1.0,0.0,1.0,0.485,0.475383,0.741667,0.173517,1097.0,5172.0,6269.0,Winter
683.0,2012-11-13,4.0,1.0,11.0,0.0,2.0,1.0,2.0,0.343333,0.323225,0.662917,0.342046,327.0,3767.0,4094.0,Winter
684.0,2012-11-14,4.0,1.0,11.0,0.0,3.0,1.0,1.0,0.289167,0.281563,0.552083,0.199625,373.0,5122.0,5495.0,Winter
685.0,2012-11-15,4.0,1.0,11.0,0.0,4.0,1.0,2.0,0.321667,0.324492,0.620417,0.152987,320.0,5125.0,5445.0,Winter
686.0,2012-11-16,4.0,1.0,11.0,0.0,5.0,1.0,1.0,0.345,0.347204,0.524583,0.171025,484.0,5214.0,5698.0,Winter
687.0,2012-11-17,4.0,1.0,11.0,0.0,6.0,0.0,1.0,0.325,0.326383,0.545417,0.179729,1313.0,4316.0,5629.0,Winter
688.0,2012-11-18,4.0,1.0,11.0,0.0,0.0,0.0,1.0,0.3425,0.337746,0.692917,0.227612,922.0,3747.0,4669.0,Winter
689.0,2012-11-19,4.0,1.0,11.0,0.0,1.0,1.0,2.0,0.380833,0.375621,0.623333,0.235067,449.0,5050.0,5499.0,Winter
690.0,2012-11-20,4.0,1.0,11.0,0.0,2.0,1.0,2.0,0.374167,0.380667,0.685,0.082725,534.0,5100.0,5634.0,Winter
691.0,2012-11-21,4.0,1.0,11.0,0.0,3.0,1.0,1.0,0.353333,0.364892,0.61375,0.103246,615.0,4531.0,5146.0,Winter
692.0,2012-11-22,4.0,1.0,11.0,0.0,4.0,0.0,1.0,0.34,0.350371,0.580417,0.0528708,955.0,1470.0,2425.0,Winter
693.0,2012-11-23,4.0,1.0,11.0,0.0,5.0,1.0,1.0,0.368333,0.378779,0.56875,0.148021,1603.0,2307.0,3910.0,Winter
694.0,2012-11-24,4.0,1.0,11.0,0.0,6.0,0.0,1.0,0.278333,0.248742,0.404583,0.376871,532.0,1745.0,2277.0,Winter
695.0,2012-11-25,4.0,1.0,11.0,0.0,0.0,0.0,1.0,0.245833,0.257583,0.468333,0.1505,309.0,2115.0,2424.0,Winter
696.0,2012-11-26,4.0,1.0,11.0,0.0,1.0,1.0,1.0,0.313333,0.339004,0.535417,0.04665,337.0,4750.0,5087.0,Winter
697.0,2012-11-27,4.0,1.0,11.0,0.0,2.0,1.0,2.0,0.291667,0.281558,0.786667,0.237562,123.0,3836.0,3959.0,Winter
698.0,2012-11-28,4.0,1.0,11.0,0.0,3.0,1.0,1.0,0.296667,0.289762,0.50625,0.210821,198.0,5062.0,5260.0,Winter
699.0,2012-11-29,4.0,1.0,11.0,0.0,4.0,1.0,1.0,0.28087,0.298422,0.555652,0.115522,243.0,5080.0,5323.0,Winter
700.0,2012-11-30,4.0,1.0,11.0,0.0,5.0,1.0,1.0,0.298333,0.323867,0.649583,0.0584708,362.0,5306.0,5668.0,Winter
701.0,2012-12-01,4.0,1.0,12.0,0.0,6.0,0.0,2.0,0.298333,0.316904,0.806667,0.0597042,951.0,4240.0,5191.0,Winter
702.0,2012-12-02,4.0,1.0,12.0,0.0,0.0,0.0,2.0,0.3475,0.359208,0.823333,0.124379,892.0,3757.0,4649.0,Winter
703.0,2012-12-03,4.0,1.0,12.0,0.0,1.0,1.0,1.0,0.4525,0.455796,0.7675,0.0827208,555.0,5679.0,6234.0,Winter
704.0,2012-12-04,4.0,1.0,12.0,0.0,2.0,1.0,1.0,0.475833,0.469054,0.73375,0.174129,551.0,6055.0,6606.0,Winter
705.0,2012-12-05,4.0,1.0,12.0,0.0,3.0,1.0,1.0,0.438333,0.428012,0.485,0.324021,331.0,5398.0,5729.0,Winter
706.0,2012-12-06,4.0,1.0,12.0,0.0,4.0,1.0,1.0,0.255833,0.258204,0.50875,0.174754,340.0,5035.0,5375.0,Winter
707.0,2012-12-07,4.0,1.0,12.0,0.0,5.0,1.0,2.0,0.320833,0.321958,0.764167,0.1306,349.0,4659.0,5008.0,Winter
708.0,2012-12-08,4.0,1.0,12.0,0.0,6.0,0.0,2.0,0.381667,0.389508,0.91125,0.101379,1153.0,4429.0,5582.0,Winter
709.0,2012-12-09,4.0,1.0,12.0,0.0,0.0,0.0,2.0,0.384167,0.390146,0.905417,0.157975,441.0,2787.0,3228.0,Winter
710.0,2012-12-10,4.0,1.0,12.0,0.0,1.0,1.0,2.0,0.435833,0.435575,0.925,0.190308,329.0,4841.0,5170.0,Winter
711.0,2012-12-11,4.0,1.0,12.0,0.0,2.0,1.0,2.0,0.353333,0.338363,0.596667,0.296037,282.0,5219.0,5501.0,Winter
712.0,2012-12-12,4.0,1.0,12.0,0.0,3.0,1.0,2.0,0.2975,0.297338,0.538333,0.162937,310.0,5009.0,5319.0,Winter
713.0,2012-12-13,4.0,1.0,12.0,0.0,4.0,1.0,1.0,0.295833,0.294188,0.485833,0.174129,425.0,5107.0,5532.0,Winter
714.0,2012-12-14,4.0,1.0,12.0,0.0,5.0,1.0,1.0,0.281667,0.294192,0.642917,0.131229,429.0,5182.0,5611.0,Winter
715.0,2012-12-15,4.0,1.0,12.0,0.0,6.0,0.0,1.0,0.324167,0.338383,0.650417,0.10635,767.0,4280.0,5047.0,Winter
716.0,2012-12-16,4.0,1.0,12.0,0.0,0.0,0.0,2.0,0.3625,0.369938,0.83875,0.100742,538.0,3248.0,3786.0,Winter
717.0,2012-12-17,4.0,1.0,12.0,0.0,1.0,1.0,2.0,0.393333,0.4015,0.907083,0.0982583,212.0,4373.0,4585.0,Winter
718.0,2012-12-18,4.0,1.0,12.0,0.0,2.0,1.0,1.0,0.410833,0.409708,0.66625,0.221404,433.0,5124.0,5557.0,Winter
719.0,2012-12-19,4.0,1.0,12.0,0.0,3.0,1.0,1.0,0.3325,0.342162,0.625417,0.184092,333.0,4934.0,5267.0,Winter
720.0,2012-12-20,4.0,1.0,12.0,0.0,4.0,1.0,2.0,0.33,0.335217,0.667917,0.132463,314.0,3814.0,4128.0,Winter
721.0,2012-12-21,1.0,1.0,12.0,0.0,5.0,1.0,2.0,0.326667,0.301767,0.556667,0.374383,221.0,3402.0,3623.0,Spring
722.0,2012-12-22,1.0,1.0,12.0,0.0,6.0,0.0,1.0,0.265833,0.236113,0.44125,0.38061125,205.0,1544.0,1749.0,Spring
723.0,2012-12-23,1.0,1.0,12.0,0.0,0.0,0.0,1.0,0.245833,0.259471,0.515417,0.133083,408.0,1379.0,1787.0,Spring
724.0,2012-12-24,1.0,1.0,12.0,0.0,1.0,1.0,2.0,0.231304,0.2589,0.791304,0.0772304,174.0,746.0,920.0,Spring
725.0,2012-12-25,1.0,1.0,12.0,0.0,2.0,0.0,2.0,0.291304,0.294465,0.734783,0.168726,440.0,573.0,1013.0,Spring
726.0,2012-12-26,1.0,1.0,12.0,0.0,3.0,1.0,3.0,0.243333,0.220333,0.823333,0.316546,9.0,432.0,441.0,Spring
727.0,2012-12-27,1.0,1.0,12.0,0.0,4.0,1.0,2.0,0.254167,0.226642,0.652917,0.350133,247.0,1867.0,2114.0,Spring
728.0,2012-12-28,1.0,1.0,12.0,0.0,5.0,1.0,2.0,0.253333,0.255046,0.59,0.155471,644.0,2451.0,3095.0,Spring
729.0,2012-12-29,1.0,1.0,12.0,0.0,6.0,0.0,2.0,0.253333,0.2424,0.752917,0.124383,159.0,1182.0,1341.0,Spring
730.0,2012-12-30,1.0,1.0,12.0,0.0,0.0,0.0,1.0,0.255833,0.2317,0.483333,0.350754,364.0,1432.0,1796.0,Spring
731.0,2012-12-31,1.0,1.0,12.0,0.0,1.0,1.0,2.0,0.215833,0.223487,0.5775,0.154846,439.0,2290.0,2729.0,Spring
